taxid,date,name
954443,9/30/2019,CLT-DOCUMENTATION AND FORMS
954443,9/30/2019,CRITICAL DECISION MAKING MODEL
954443,9/30/2019,MARIJUANA POLICY UPDATE
954443,9/6/2019,DOMESTIC VIOLENCE EDUCATION AND COUNSELING
954443,9/2/2019,SHIELD OF RESILIENCE TRAINING COURSE
954443,8/30/2019,CLT-DOCUMENTATION AND FORMS
954443,8/16/2019,CLT-DOCUMENTATION AND FORMS
954443,8/16/2019,CRITICAL INCIDENT TACTICS - RESPONDING TO COMMERCIAL ROBBERIES (EXTENDED VERSION)
954443,8/9/2019,CLT-DOCUMENTATION AND FORMS
954443,8/9/2019,RESPONDING TO COMMERCIAL ROBBERIES
954443,8/8/2019,2019-20 IN-SERVICE CYCLE - CRITICAL INCIDENT TACTICS AND DEVELOPING EFFECTIVE LEADERSHIP SKILLS
954443,8/1/2019,"FORMS - THREAT,RESISTANCE,INJURY (TRI)"
954443,8/1/2019,WARRANT CHECK IN DOMAIN AWARENESS SYSTEM (DAS LITE)
954443,7/25/2019,CLT-DOCUMENTATION AND FORMS
954443,7/21/2019,TRANSIT BUREAU - SAFETY CONSIDERATIONS FOR PATROLLING THE NYC SUBWAY SYSTEM - PART 2
954443,7/21/2019,TRANSIT BUREAU - TIMELY RESUMPTION OF SERVICE IN NYC TRANSIT
954443,7/18/2019,CLT-INVESTIGATIONS
954443,7/18/2019,TRANSIT BUREAU - SAFETY CONSIDERATIONS FOR PATROLLING THE NYC SUBWAY SYSTEM
954443,7/4/2019,CLT-TACTICAL AWARENESS AND OFFICER SAFETY
954443,7/4/2019,COUNTERTERRORISM BUREAU ACTIVE SHOOTER SCHOOL INCIDENTS AWARENESS
954443,7/4/2019,COUNTERTERRORISM BUREAU NH15 TRAINING
954443,7/4/2019,DISCUSSION - BASED LEARNING MODULE # 1-3
954443,7/4/2019,RESPONDING TO PEOPLE IN CRISIS – MODULE 4: USING DEPARTMENT MOBILE DIGITAL DEVICES
954443,7/4/2019,TRAINING MATERIALS- VIRTUAL CRIME INFORMATION CENTER
954443,6/12/2019,WORLDPRIDE NYC 2019
954443,6/1/2019,COLLABORATIVE POLICING - MEDIATION REFERRAL PROGRAM FOR NON-CRIMINAL COMPLAINTS
954443,6/1/2019,COLLABORATIVE POLICING - THE DEAF AND HARD OF HEARING COMMUNITY
954443,4/25/2019,FACILITIES MANAGEMENT DIVISION - MUNICIPAL SEPERATE STORM SEWER SYSTEM (MS4)
954443,4/24/2019,RESPONDING TO PEOPLE IN CRISIS - MODULES 2 AND 3: ACTIVE LISTENING PARTS 1 AND 2
954443,4/6/2019,LEGAL BUREAU - PERJURY TRAINING MODULE
954443,4/2/2019,CLT-ENFORCEMENT ACTIONS
954443,3/29/2019,CLT-PROCEDURAL OPERATIONS
954443,3/22/2019,CLT-DOCUMENTATION AND FORMS
954443,3/21/2019,SAFEGUARDING PRISONERS - OFFICER SAFETY GUIDELINES
954443,3/18/2019,CLT-PROCEDURAL OPERATIONS
954443,3/13/2019,COLLABORATIVE POLICING - ELDER ABUSE
954443,2/18/2019,"SUPPORT SERVICES DIVISION - CLASS ""C"" OPERATOR"
954443,2/13/2019,CLT-DOCUMENTATION AND FORMS
954443,2/1/2019,"CLT-INTEGRITY, ETHICS AND DISCIPLINE"
954443,1/24/2019,"CLT-INTEGRITY, ETHICS AND DISCIPLINE"
954443,1/18/2019,EQUAL EMPLOYMENT OPPORTUNITYTRAINING - SEXUAL HARASSMENT AWARENESS AND PREVENTION
954443,1/18/2019,RESPONDING TO PEOPLE IN CRISIS - MODULE 1: SENDING THE RIGHT SIGNALS
954443,1/17/2019,PATROL DOOR BAG - ROPE AND WEDGE INTRODUCTION
954443,1/17/2019,TEXT TO 911 - INTRODUCTION
954443,12/11/2018,MARIJUANA BURNING ENFORCEMENT POLICY
954443,11/26/2018,CLT-TACTICAL AWARENESS AND OFFICER SAFETY
954443,11/22/2018,CLT-PROCEDURAL OPERATIONS
954443,11/20/2018,CLT-PROCEDURAL OPERATIONS
954443,11/19/2018,CLT-ENFORCEMENT ACTIONS
954443,11/19/2018,"CLT-UNIFORMS, PERSONAL APPEARANCE AND EQUIPMENT"
954443,11/14/2018,CLT-INFORMATION TECHNOLOGY
954443,11/11/2018,AMERICANS WITH DISABILITIES ACT (ADA)
954443,11/2/2018,RESPONDING TO PEOPLE IN CRISIS-INTRODUCTION TO CIT VIDEO SERIES
954443,10/26/2018,CLT-COUNTERTERRORISM AND INTELLIGENCE
954443,10/26/2018,CLT-PROCEDURAL OPERATIONS
954443,9/27/2018,CLT-DOCUMENTATION AND FORMS
954443,9/21/2018,CLT-DOCUMENTATION AND FORMS
954443,9/21/2018,COLLABORATIVE POLICING- FOREIGN LANGUAGE CERTIFICATION VIDEO
954443,9/21/2018,NYC RIGHT TO KNOW ACT LEGISLATION - PART 2
954443,9/21/2018,NYC RIGHT TO KNOW ACT LEGISLATION – PART 1
954443,9/21/2018,RAISE THE AGE
954443,9/6/2018,CLT-LEGAL ISSUES
954443,9/4/2018,FTS - CEW END USER CERTIFICATION
954443,8/30/2018,CLT-ENFORCEMENT ACTIONS
954443,7/24/2018,CLT-DOCUMENTATION AND FORMS
954443,7/17/2018,FTS - TACTICAL TRAINING CENTER 090 PCT - SESSION 1
954443,7/13/2018,CLT-PROCEDURAL OPERATIONS
954443,6/14/2018,CLT-COMMUNICATION STRATEGIES AND AIDS
954443,6/9/2018,CPS BODY-WORN CAMERA TRAINING WITH SCENARIOS
954443,5/29/2018,COMMUNICATIONS- THE PROPER USAGE OF THE IDA RADIO CODES
954443,5/22/2018,CPS FAIR AND IMPARTIAL POLICING - ALL POS AND DETS
954443,5/17/2018,FTS - CEW X26P HOLSTER TRAINING AND DISTRIBUTION
954443,5/14/2018,FTS - CEW X26P HOLSTER TRAINING AND DISTRIBUTION
954443,5/10/2018,CLT-COUNTERTERRORISM AND INTELLIGENCE
954443,4/10/2018,CLT-LEGAL ISSUES
954443,3/30/2018,CLT-ENFORCEMENT ACTIONS
954443,3/16/2018,CLT-COMMUNICATION STRATEGIES AND AIDS
954443,3/15/2018,LEGAL BUREAU PERFORMANCE METRICS - PROHIBITED CONDUCT
954443,3/9/2018,2017-2019 IN-SERVICE CYCLE-INVESTIGATIVE ENCOUNTERS- BASIC TRAINING WITH SCENARIOS
954443,2/22/2018,CLT-DOCUMENTATION AND FORMS
954443,2/16/2018,CLT-PROCEDURAL OPERATIONS
954443,2/14/2018,CLT-HUMAN RESOURCES AND PERSONNEL MATTERS
954443,1/10/2018,CLT-EQUAL EMPLOYMENT OPPORTUNITY
954443,12/11/2017,FORCE POLICY REVISION-VIDEO-PG 221-UNIT TRAINING MAY 2016
954443,12/11/2017,INVESTIGATIVE ENCOUNTERS-VIDEO #1 REQUEST FOR INFO-UNIT TRAINING FEB 2016
954443,12/11/2017,INVESTIGATIVE ENCOUNTERS-VIDEO #3 TERRY STOPS AND REASONABLE SUSPICION-UNIT TRAINING JUNE 2016
954443,12/11/2017,INVESTIGATIVE ENCOUNTERS-VIDEO #4 DOCUMENTATION AND SUPERVISION-UNIT TRAINING JULY 2016
954443,12/11/2017,PUBLIC CONTACT AND CONSENT TO SEARCH (RIGHT TO KNOW) - UNIT TRAINING AUGUST 2016
954443,12/11/2017,TACTICAL AWARENESS- BALLISTIC VEST
954443,11/4/2017,BELT TRAUMA KIT VIDEO
954443,11/4/2017,INVESTIGATIVE ENCOUNTERS-VIDEO #2 COMMON LAW RIGHT OF INQUIRY-UNIT TRAINING MAY 2016
954443,11/3/2017,COUNTERTERRORISM ACTIVE SHOOTER TRAINING
954443,11/3/2017,NEW PERFORMANCE EVALUATION PROCESS
954443,11/2/2017,COLLABORATIVE POLICING- ACCESSING TELEPHONIC INTERPRETERS VIA LANGUAGE LINE
954443,11/2/2017,INFORMATION SECURITY AWARENESS TRAINING
954443,11/2/2017,POLICE COMMISSIONERS MESSAGE - VICTIMS OF SEXUAL ASSAULT VIDEO
954443,11/2/2017,TACTICAL AWARENESS-SMARTPHONE SAFETY
954443,10/17/2017,COUNTERTERRORISM U.A.S. (UNMANNED AIRCRAFT SYSTEMS) DRONE AWARENESS
954443,10/17/2017,EQUAL EMPLOYMENT OPPORTUNITY TRANSGENDER DIVERSITY AND INCLUSION:EXECUTIVE ORDER 16
954443,10/17/2017,NARCAN NASAL SPRAY TRAINING
954443,9/18/2017,PATROL- POLYCARBONATE SHIELD
954443,8/25/2017,COUNTER TERRORISM INITIAL PATROL RESPONSE TO AN ACTIVE SHOOTER
954443,7/19/2017,CPS INTERIOR PATROL TRESPASS AFFIDAVIT PROGRAM (TAP) VIDEO 1
954443,7/19/2017,CPS INTERIOR PATROL TRESPASS AFFIDAVIT PROGRAM (TAP) VIDEO 2
954443,7/19/2017,PERSONNEL BUREAU NYPD EMPLOYEE ASSISTANCE UNIT (EAU)
954443,7/6/2017,"CPS INTERIOR PATROL OF HOUSING AUTHORITY BUILDINGS, PG 212-60 ROLL CALL VIDEO 1"
954443,6/29/2017,"CPS INTERIOR PATROL OF HOUSING AUTHORITY BUILDINGS, PG 212-60 ROLL CALL VIDEO 1"
954443,6/29/2017,"CPS INTERIOR PATROL OF HOUSING AUTHORITY BUILDINGS, PG 212-60 ROLL CALL VIDEO 2"
954443,6/7/2017,CRIMINAL JUSTICE REFORM ACT ROLL CALL TRAINING PART 2
954443,6/6/2017,CRIMINAL JUSTICE REFORM ACT ROLL CALL TRAINING PART 1
954443,5/30/2017,CRIMINAL JUSTICE REFORM ACT ROLL CALL TRAINING PART 1
954443,5/30/2017,CRIMINAL JUSTICE REFORM ACT ROLL CALL TRAINING PART 2
954443,3/28/2017,DOMAIN AWARENESS SYSTEM
954443,11/8/2016,FORCE POLICY REVISION-VIDEO-PG 221-UNIT TRAINING MAY 2016
954443,10/31/2016,INVESTIGATIVE ENCOUNTERS-VIDEO #3 TERRY STOPS AND REASONABLE SUSPICION-UNIT TRAINING JUNE 2016
954443,9/29/2016,PUBLIC CONTACT AND CONSENT TO SEARCH (RIGHT TO KNOW) - UNIT TRAINING AUGUST 2016
954443,9/8/2016,INVESTIGATIVE ENCOUNTERS-VIDEO #2 COMMON LAW RIGHT OF INQUIRY-UNIT TRAINING MAY 2016
954443,9/1/2016,INVESTIGATIVE ENCOUNTERS-VIDEO #2 COMMON LAW RIGHT OF INQUIRY-UNIT TRAINING MAY 2016
954443,7/8/2016,INVESTIGATIVE ENCOUNTERS-VIDEO #4 DOCUMENTATION AND SUPERVISION-UNIT TRAINING JULY 2016
954443,5/24/2016,2016-17 INSERVICE CYCLE-PHYSICAL TACTICS
954443,5/4/2016,INVESTIGATIVE ENCOUNTERS-VIDEO #2 COMMON LAW RIGHT OF INQUIRY-UNIT TRAINING MAY 2016
954443,4/28/2016,BTK (BELT TRAUMA KIT DISTRIBUTION AND FAMILIARIZATION)
954443,2/3/2016,INVESTIGATIVE ENCOUNTERS-VIDEO #1 REQUEST FOR INFO-UNIT TRAINING FEB 2016
954443,2/2/2016,WINDOWS PHONE TRAINING AND DISTRIBUTION
954443,12/14/2015,FORCE POLICY REVISION-PAMPHLET - PG 221 - UNIT TRAINING DECEMBER 2015
954443,11/30/2015,FORCE POLICY REVISION-PAMPHLET - PG 221 - UNIT TRAINING DECEMBER 2015
954443,11/9/2015,EMERGENCY VEHICLE OPERATION JULY 07 - PRESENT
954443,11/9/2015,FIELD TRAINING PROGRAM JULY 07 - PRESENT
954443,11/9/2015,PHYSICAL EDUCATION PART 1: FOUNDATIONS OF PHYSICAL FITNESS
954443,11/9/2015,PHYSICAL EDUCATION PART 2: DEFENSIVE TACTICS JULY 07 - PRESENT
954443,11/9/2015,PHYSICAL EDUCATION PART 3: AMERICAN HEART ASSOCIATION BASIC LIFE SUPPORT
954443,11/9/2015,POLICE CRISIS INTERVENTION JULY 07 - PRESENT
954443,11/9/2015,POLICE FIELD PROBLEMS JULY 07 - PRESENT
954443,11/9/2015,POLICE INVESTIGATION AND REPORTING JULY 07 - PRESENT
954443,11/9/2015,POLICING A DEMOCRACY JULY 07 - PRESENT
954443,11/9/2015,POLICING SPECIAL POPULATIONS JULY 07 - PRESENT
954443,11/9/2015,PROCEDURAL LAW JULY 07 - PRESENT
954443,11/9/2015,SUBSTANTIVE LAW JULY 07 - PRESENT
954443,11/9/2015,TERRORISM AWARENESS AND RESPONSE JULY 07 - PRESENT
954443,3/30/2015,20K TRAINING INITIATIVE - PHYSICAL TACTICS
954443,3/22/2015,20K TRAINING INITIATIVE - SMART POLICING
954443,3/13/2015,20K TRAINING INITIATIVE - FOUNDATIONS OF POLICING
954443,3/12/2015,20K TRAINING INITIATIVE - FOUNDATIONS OF POLICING
954443,6/27/2013,POLICE ACADEMY RECRUIT CIMS WRITTEN EXAM
954443,6/25/2013,POLICE ACADEMY RECRUIT IMMERSION WRITTEN EXAM
954443,6/24/2013,POLICE ACADEMY RECRUIT NCIC WRITTEN EXAM
954443,6/24/2013,POLICE ACADEMY RECRUIT NIMS 700 WRITTEN EXAM
954443,6/21/2013,PTTD DEFENSIVE TACTICS REVIEW WRITTEN EXAM
954443,6/7/2013,DISORDER CONTROL TRAINING
954443,6/7/2013,POLICE ACADEMY RECRUIT 3RD TRIMESTER EXAM
954443,6/5/2013,RECRUIT TACTICS FIREARMS QUALIFICATION
954443,6/5/2013,SPECIAL WEAPON FAMILIARIZATION CERTIFIED
954443,5/31/2013,RECRUIT TACTICAL FIREARMS QUALIFICATION AND TRAINING
954443,5/20/2013,PTTD WEAPONS DEFENSE
954443,5/15/2013,OFF DUTY PISTOL CERTIFIED
954443,5/15/2013,RECRUIT TACTICAL FIREARMS QUALIFICATION AND TRAINING OFF DUTY PISTOL CERTIFIED
954443,5/9/2013,COBRA - COHORT TRAINING
954443,5/8/2013,COBRA - COHORT TRAINING
954443,5/3/2013,RECRUIT BASIC FIREARMS QUALIFICATION AND TRAINING
954443,4/22/2013,PROPERTY EVIDENCE TRACKING SYSTEM
954443,4/18/2013,RECRUIT 12 PASSENGER VAN / UTILITY VEHICLE QUALIFICATION
954443,4/17/2013,RECRUIT RMP QUALIFICATION / RMP OPERATOR QUALIFIED
954443,4/8/2013,POLICE ACADEMY RECRUIT 2ND TRIMESTER EXAM
954443,4/7/2013,THREE WHEEL SCOOTER CERTIFIED
954443,4/4/2013,FIRST AID WRITEN EXAM
954443,4/4/2013,PTTD WATER SAFETY
954443,4/1/2013,GROUND TACTICS
954443,3/29/2013,PTTD RECRUIT RUN DROPOUTS
954443,3/15/2013,PTTD EXPANDABLE BATON
954443,3/14/2013,BATON
954443,3/12/2013,RECRUIT TRAINING COMPUTER COURSE
954443,3/11/2013,"PTTD CARDIO ENDURANCE TEST, 1ST ATTEMPT"
954443,3/5/2013,PTTD DEFENSIVE TACTICS PRACTICAL EXAM
954443,3/5/2013,PTTD RECRUIT RUN DROPOUTS
954443,3/1/2013,POLICE ACADEMY RECRUIT JUSTIFICATION WRITTEN EXAM
954443,2/28/2013,PTTD RECRUIT RUN DROPOUTS
954443,2/26/2013,PTTD RECRUIT RUN DROPOUTS
954443,2/25/2013,POLICE ACADEMY RECRUIT 1ST TRIMESTER EXAM
954443,2/22/2013,PTTD RECRUIT RUN DROPOUTS
954443,2/21/2013,PTTD RECRUIT RUN DROPOUTS
954443,2/20/2013,JOB STANDARDS TEST ATTEMPT #1
954443,2/18/2013,POLICE ACADEMY RECRUIT 1ST TRIMESTER PRACTICE WRITTEN EXAM
954443,2/15/2013,POLICE ACADEMY RECRUIT STOP QUESTION & FRISK WRITTEN EXAM
954443,2/12/2013,PTTD RECRUIT RUN DROPOUTS
954443,2/11/2013,FRISKING AND HANDCUFFING
954443,2/6/2013,PTTD C.P.R. / A.E.D. WRITTEN EXAM
954443,2/5/2013,PTTD CPR PRACTICAL EXAM
954443,1/15/2013,POLICE ACADEMY RECRUIT PREREADING EXAM
954443,1/9/2013,12 PASSENGER VAN / UTILITY VEHICLE QUALIFICATION
954443,1/9/2013,FOUR WHEEL DRIVE TRAINING
954443,1/9/2013,THREE WHEEL SCOOTER CERTIFIED
954443,1/9/2013,TWO WHEEL SCOOTER (WITH TACTICS) CERTIFIED
933512,6/24/2025,EAU 2025 POLICE COMMISSIONER JESSICA S. TISCH
933512,6/20/2025,2025 BWC PROFICIENCY TRAINING
933512,6/20/2025,SQF REVIEW AND DOCUMENTATION: SQF MODULE 10
933512,5/21/2025,2025 EQUAL EMPLOYMENT OPPORTUNITY TRAINING - SEXUAL HARASSMENT AWARENESS AND PREVENTION
933512,5/5/2025,CLT-ENFORCEMENT ACTIONS
933512,3/20/2025,RIGHT TO KNOW ACT SQF MODULE 9
933512,2/12/2025,LEAVING THE SCENE COLLISIONS INVESTIGATIVE BEST PRACTICES
933512,1/27/2025,VEHICLE PURSUITS
933512,1/17/2025,ACTIVE SHOOTER - SCHOOL RESPONSE PROTOCOL
933512,12/9/2024,BEHAVIORAL HEALTH EMERGENCY ASSISTANCE RESPONSE DIVISION B-HEARD
933512,12/9/2024,DRIVING WHILE INTOXICATED AWARENESS VIDEO MODULE 1
933512,11/26/2024,COUNTER TERRORISM LAW ENFORCEMENT PREVENTION AND DETERRENCE OF TERRORIST ATTACKS
933512,11/8/2024,NORTHWELL DIRECT FINEST CARE PROGRAM FOR UMOS
933512,11/1/2024,FTS - CEW TASER 7 TRANSITION COURSE
933512,11/1/2024,FTS - TASER 7 HOLSTER DISTRIBUTION
933512,10/25/2024,FTS - ANNUAL CEW RECERTIFICATION
933512,9/17/2024,APX NEXT PORTABLE AND RADIO DISCIPLINE TRAINING VIDEO
933512,9/17/2024,MENTAL HEALTH INVOLUNTARY REMOVALS MHL 9.41 AND MHL 9.58
933512,9/17/2024,RACIAL PROFILING AND BIASED BASED POLICING: SQF MODULE 8
933512,8/30/2024,RAPE IS RAPE
933512,8/15/2024,CLT-COMMUNICATION STRATEGIES AND AIDS
933512,8/4/2024,DRIVE SMART 2024
933512,7/31/2024,LEVEL 1 AND LEVEL 2 INVESTIGATIVE ENCOUNTERS
933512,7/10/2024,AWARENESS AND RESPONSE TO BIOLOGICAL INCIDENTS
933512,7/2/2024,DOCUMENT INSPECTION FOR LAW ENFORCEMENT (PER-383)
933512,6/17/2024,2024 EQUAL EMPLOYMENT OPPORTUNITY TRAINING - SEXUAL HARASSMENT AWARENESS AND PREVENTION
933512,6/17/2024,ASSISTING SURVIVORS OF SEXUAL BASED VIOLENCE WITH ACCESS TO RESOURCES
933512,6/17/2024,HOUSING BUREAU INTERIOR PATROL TACTICS
933512,6/17/2024,TACTICS WHEN ENGAGING INDIVIDUALS IN A MENTAL HEALTH CRISIS
933512,4/15/2024,DRONE ASSESSMENT AND RESPONSE TACTICS (AWR-404)
933512,4/11/2024,POLICING THE SUBWAY 2024
933512,3/21/2024,CLT - OATH VS. CRIMINAL COURT SUMMONS ROLL CALL TRAINING
933512,3/13/2024,2023 SUMMER ALL-OUT BODY WORN CAMERA TRAINING
933512,3/13/2024,2024 VEHICLE SEIZURE FORM REFRESHER
933512,3/13/2024,BELT-WORN TRAUMA KIT REFRESHER TRAINING VIDEO-2022
933512,3/13/2024,COMMUNICATIONS- THE PROPER USAGE OF THE IDA RADIO CODES
933512,3/13/2024,CRIMINAL JUSTICE REFORM ACT ROLL CALL TRAINING PART 1
933512,3/13/2024,CRIMINAL JUSTICE REFORM ACT ROLL CALL TRAINING PART 2
933512,3/13/2024,ELDER ABUSE -2023 REFRESHER
933512,3/13/2024,EMPLOYEE ASSISTANCE UNIT (E.A.U.) IS HERE FOR YOU- 2024
933512,3/13/2024,ILLEGAL EVICTIONS
933512,3/13/2024,INVESTIGATIVE ENCOUNTERS 2023: MODULE 5 SQF LEVELS 3 AND 4
933512,3/13/2024,NEW PERFORMANCE EVALUATION PROCESS
933512,3/13/2024,NYCHA INTERIOR PATROL: SQF MODULE 7
933512,3/13/2024,PROCESSING DISCOVERY MATERIAL IN THE FORMS ARREST FOLDER
933512,3/13/2024,RAISING THE LOWER AGE OF JUVENILE DELINQUENCY
933512,3/13/2024,TACTICAL AWARENESS-SMARTPHONE SAFETY
933512,3/13/2024,TRAFFIC COURT TESTIMONY VIDEO
933512,3/13/2024,UNMANNED AIRCRAFT PERMIT: DRONES FOR PUBLIC USE
933512,3/13/2024,VEHICLE MOUNTED VIDEO SYSTEM
933512,3/13/2024,VIDEO 1 - PATROLLING THE NYC SUBWAY SYSTEM 2022
933512,3/13/2024,VIDEO 2 -TACTICAL CONSIDERATIONS FOR TRANSIT PATROL 2022 (PART 1)
933512,3/13/2024,VIDEO 3 - TACTICAL CONSIDERATIONS FOR TRANSIT PATROL 2022 (PART 2)
933512,3/13/2024,VIDEO 4 - PLATFORM SAFETY 2022
933512,2/14/2024,AUTISM SPECTRUM DISORDER
933512,2/14/2024,INFORMATION SECURITY AWARENESS TRAINING - 2023
933512,2/14/2024,INVESTIGATIVE ENCOUNTERS SUMMARY: SQF MODULE 6
933512,2/14/2024,NYPD RECRUITMENT TRAINING VIDEO
933512,2/8/2024,CLT-TACTICAL AWARENESS AND OFFICER SAFETY
933512,1/25/2024,COUNTERTERRORISM BUREAU CRITICAL DECISION MAKING FOR COMPLEX COORDINATED ATTACKS
933512,1/9/2024,LGBTQIA PLUS - DIVERSITY AND INCLUSION
933512,1/9/2024,OPIOID DANGERS- FENTANYL AND CARFENTANIL
933512,1/9/2024,"POSSESSION OR INGESTION OF ANABOLIC STEROIDS, HUMAN GROWTH HORMONE, AND NUTRITIONAL SUPPLEMENTS"
933512,12/20/2023,CLT-PROFESSIONAL DEVELOPMENT
933512,12/20/2023,CONTERTERRORISM BUREAU SITE PROTECTION THROUGH OBSERVATIONAL TECHNIQUES
933512,12/19/2023,CLT-PROFESSIONAL DEVELOPMENT
933512,12/19/2023,CLT-TACTICAL AWARENESS AND OFFICER SAFETY
933512,12/18/2023,CLT-PROFESSIONAL DEVELOPMENT
933512,12/17/2023,CLT-PROFESSIONAL DEVELOPMENT
933512,12/17/2023,CLT-TACTICAL AWARENESS AND OFFICER SAFETY
933512,12/5/2023,FTS - ANNUAL CEW RECERTIFICATION
933512,11/20/2023,AUGMENTED REALITY FEATURE
933512,9/27/2023,EFFECTIVE COMMUNICATION SKILLS - DEAF OR HARD OF HEARING
933512,8/30/2023,NYPD JOUVERT AND WEST INDIAN DAY-2023
933512,8/16/2023,ILERSBA - INITIAL LAW ENFORCMENT RESPONSE TO SUICIDE BOMBING ATTACKS
933512,6/6/2023,2023 LANGUAGE MATTERS - FOSTERING A POSITIVE WORK ENVIRONMENT
933512,6/6/2023,"INVESTIGATIVE ENCOUNTERS 2023: MODULE 4 SQF LEVELS 2, 3 AND 4"
933512,5/18/2023,2023 EQUAL EMPLOYMENT OPPORTUNITY TRAINING-SEXUAL HARASSMENT AWARENESS AND PREVENTION
933512,5/4/2023,INVESTIGATIVE ENCOUNTERS 2023: MODULE 3 SQF LEVEL 2
933512,4/12/2023,CLT-BWC POLICY UPDATES
933512,3/23/2023,"HME - HOMEMADE EXPLOSIVES: AWARENESS, RECOGNITION, AND RESPONSE"
933512,3/20/2023,ESPER POLICY LIBRARY
933512,3/3/2023,CLT-BWC POLICY UPDATES
933512,2/10/2023,CLT-PROCEDURAL OPERATIONS
933512,2/6/2023,CLT- RESPONDING TO COMMERCIAL ROBBERIES 2023
933512,1/25/2023,NYPD-U VOLUNTARY - INVOLUNTARY TRANSPORTS
933512,1/10/2023,INVESTIGATIVE ENCOUNTERS 2023 - MODULE 1 INTRODUCTION TO SQF
933512,1/10/2023,INVESTIGATIVE ENCOUNTERS 2023: MODULE 2 SQF LEVEL 1
933512,12/23/2022,CLT-VOLUNTARY - INVOLUNTARY TRANSPORTS
933512,12/7/2022,FACILITIES MANAGEMENT DIVISION - MUNICIPAL SEPERATE STORM SEWER SYSTEM (MS4)
933512,11/7/2022,LGBTQIA PLUS AWARENESS
933512,11/7/2022,PROCESSING CIVILIAN COMPLAINTS
933512,10/21/2022,CLT-ENFORCEMENT ACTIONS
933512,10/21/2022,FTS - ANNUAL CEW RECERTIFICATION
933512,9/12/2022,THE EMPLOYEE ASSISTANCE UNIT (EAU) IS HERE FOR YOU
933512,8/29/2022,NYPD JOUVERT  WEST INDIAN DAY
933512,8/17/2022,CAR STOP TACTICS FOR PATROL OFFICERS - MODULE 1: CONTROLLING THE STOP
933512,8/17/2022,CAR STOP TACTICS FOR PATROL OFFICERS - MODULE 2: PROHIBITED MANEUVERS
933512,8/17/2022,CAR STOP TACTICS FOR PATROL OFFICERS - MODULE 3: THE UNKNOWN RISK STOP
933512,8/17/2022,CAR STOP TACTICS FOR PATROL OFFICERS - MODULE 4: THE HIGH-RISK STOP
933512,8/17/2022,CONVICTED OFFENDER DNA DATABANK SPECIMEN COLLECTION KIT
933512,8/17/2022,VEHICLE SEIZURE FORM
933512,8/1/2022,BEST PRACTICES IN STRUCTURED INTERVIEWING
933512,8/1/2022,CLT-BWC POLICY UPDATES
933512,7/13/2022,2022 EQUAL EMPLOYMENT OPPORTUNITY TRAINING-SEXUAL HARASSMENT AWARENESS AND PREVENTION
933512,6/20/2022,CLT-NIBRS ROLL CALL TRAINING
933512,6/14/2022,NATIONAL INCIDENT-BASED REPORTING SYSTEM (NIBRS) UPDATES TO THE OMNIFORM COMPLAINT SYSTEMV
933512,5/24/2022,PROHIBITED METHODS OF RESTRAINT
933512,4/15/2022,"CLT-UNIFORMS, PERSONAL APPEARANCE AND EQUIPMENT"
933512,4/4/2022,CLT-SEARCHING PRISONERS MODULE 1
933512,3/24/2022,CLT-OCCUPATIONAL-WORKPLACE SAFETY AND HEALTH
933512,2/23/2022,ARRESTS - RELIGIOUS HEAD COVERING GUIDELINES (PG 208-83)
933512,2/23/2022,CHILD SENSITIVE ARREST POLICY GUIDELINES AND PROCEDURES
933512,2/23/2022,"INTEGRATING COMMUNICATION, ASSESSMENT AND TACTICS (ICAT) MODULE 3"
933512,2/23/2022,"INTEGRATING COMMUNICATION, ASSESSMENT AND TACTICS (ICAT) MODULE 4"
933512,2/22/2022,CLT-LEGAL ISSUES
933512,1/25/2022,CLT-BWC POLICY UPDATES
933512,1/24/2022,CLT-EJUSTICE ORDER OF PROTECTION SEARCH
933512,1/21/2022,CLT-EPERMIT SYSTEM
933512,1/18/2022,LOCAL LAW 45 OF 2021-TRAFFIC ENCOUNTERS
933512,12/8/2021,"INTEGRATING COMMUNICATION, ASSESSMENT AND TACTICS (ICAT) MODULE 2"
933512,11/29/2021,IDENTIFYING THE IMPAIRED DRIVER
933512,11/19/2021,ACTIVE BYSTANDERSHIP FOR LAW ENFORCEMENT (ABLE): ONE DAY COURSE
933512,10/20/2021,BODY-WORN CAMERA REVIEW PART TWO
933512,10/20/2021,"INTEGRATING COMMUNICATION, ASSESSMENT AND TACTICS (ICAT) MODULE 1"
933512,10/7/2021,BODY-WORN CAMERA REVIEW PART ONE
933512,10/7/2021,NEIGHBORHOOD POLICING APPLICATION TRAINING VIDEO
933512,10/7/2021,OPIOID OVERDOSE RECOGNITION AND NARCAN ADMINISTRATION -2021
933512,9/16/2021,CLT-OCCUPATIONAL-WORKPLACE SAFETY AND HEALTH
933512,9/15/2021,INFORMATION SECURITY AWARENESS TRAINING 2021
933512,9/10/2021,MAYOR EXECUTIVE ORDER 78 VACCINATION - TESTING COMPLIANCE POLICY
933512,9/2/2021,CLT-LEGAL ISSUES
933512,7/22/2021,EQUAL EMPLOYMENT OPPORTUNITY TRAINING - SEXUAL HARASSMENT AWARENESS AND PREVENTION 2021
933512,7/2/2021,FTS - ANNUAL CEW RECERTIFICATION
933512,6/24/2021,EMPLOYEE ASSISTANCE UNIT-2021
933512,5/25/2021,CLT-DOCUMENTATION AND FORMS
933512,5/25/2021,CLT-ENFORCEMENT ACTIONS
933512,5/25/2021,CLT-INFORMATION TECHNOLOGY
933512,5/25/2021,CLT-PROCEDURAL OPERATIONS
933512,5/20/2021,OVERVIEW OF THE NEW DISCOVERY LAWS 2021 REFRESHER
933512,5/20/2021,PATROL GUIDE 215-17 POLICE ACTIONS RELATED QUESTIONING ARRESTS AND INVESTIGATIONS AT A NYC DEPARTMEN
933512,5/18/2021,NYC 311 DYNAMICS SYSTEM
933512,4/19/2021,CLT-PROCEDURAL OPERATIONS
933512,4/1/2021,EQUAL EMPLOYMENT OPPORTUNITY TRAINING - LGBTQIA+ DIVERSITY AND INCLUSION / EXECUTIVE ORDER 16 OF 201
933512,3/31/2021,CLT-PROCEDURAL OPERATIONS
933512,3/8/2021,"CUSTOMER SERVICE PROGRAM:  ROLL CALL MODULE 1, INTRODUCTION TO PRECINCT GREETER PROGRAM"
933512,3/8/2021,"CUSTOMER SERVICE PROGRAM:  ROLL CALL MODULE 2, COMMUNICATION SKILLS"
933512,3/4/2021,DESK APPEARANCE TICKETS: THE NEW LAW AND THE NEW GUIDELINES FOR PROCESSING DAT'S - 2021 REFRESHER
933512,2/24/2021,CUSTOMER SERVICE PROGRAM: HOW DID WE DO
933512,2/10/2021,CLT-OCCUPATIONAL-WORKPLACE SAFETY AND HEALTH
933512,1/27/2021,CLT-OCCUPATIONAL-WORKPLACE SAFETY AND HEALTH
933512,1/22/2021,COVID VACCINE DISTRIBUTION AND EDUCATION
933512,1/19/2021,CLT-OCCUPATIONAL-WORKPLACE SAFETY AND HEALTH
933512,1/15/2021,CLT-OCCUPATIONAL-WORKPLACE SAFETY AND HEALTH
933512,1/14/2021,CLT-PROCEDURAL OPERATIONS
933512,1/11/2021,CLT-PROCEDURAL OPERATIONS
933512,12/9/2020,CLT-PROCEDURAL OPERATIONS
933512,11/30/2020,EQUAL EMPLOYMENT OPPORTUNITY TRAINING - LEAVE TO EXPRESS BREAST MILK
933512,11/25/2020,FTS - ANNUAL CEW RECERTIFICATION
933512,10/28/2020,CLT-PROCEDURAL OPERATIONS
933512,7/28/2020,VICTIM BLAMING AND RELEASE OF INFORMATION TO THE MEDIA
933512,6/30/2020,"EQUAL EMPLOYMENT OPPORTUNITY TRAINING - SEXUAL HARASSMENT, AWARENESS AND PREVENTION"
933512,6/30/2020,NEW LAWS AFFECTING POLICE OFFICERS’ CRIMINAL AND CIVIL LIABILITY
933512,6/23/2020,HEALTH AND WELLNESS SECTION - MODULE 10 - SEEKING AND RECEIVING MENTAL HEALTH SUPPORT
933512,6/23/2020,HEALTH AND WELLNESS SECTION - MODULE 11 - HEALTH AND RESILIENCY
933512,6/23/2020,HEALTH AND WELLNESS SECTION - MODULE 12 - IN THAT DARK PLACE - AN OFFICER'S JOURNEY
933512,6/23/2020,HEALTH AND WELLNESS SECTION - MODULE 5 - GAINING PERSPECTIVE
933512,6/23/2020,HEALTH AND WELLNESS SECTION - MODULE 6 - COPING WITH SIGNS OF ANXIETY DEPRESSION
933512,6/23/2020,HEALTH AND WELLNESS SECTION - MODULE 7 - LEADING WITH COMPASSION
933512,6/23/2020,"HEALTH AND WELLNESS SECTION - MODULE 8 - WARNING SIGNS, SUPPORT AND OUTREACH"
933512,6/23/2020,HEALTH AND WELLNESS SECTION - MODULE 9 - MANAGING STRESS ON THE JOB
933512,6/11/2020,FTS - BALLISTIC VEST REPLACEMENT - DISTRIBUTION - PRE AUGUST 2020
933512,5/28/2020,HEALTH AND WELLNESS SECTION - MODULE 1 - PSYCHOLOGICAL HEALTH AND WELLNESS
933512,5/28/2020,HEALTH AND WELLNESS SECTION - MODULE 2 - JOB COUNSELING AND STRESS
933512,5/28/2020,HEALTH AND WELLNESS SECTION - MODULE 3 - WARNING SIGNS
933512,5/28/2020,HEALTH AND WELLNESS SECTION - MODULE 4 - CUMULATIVE TRAUMA
933512,5/27/2020,COVID-19: PREPAREDNESS YOUR FAMILY AND HOME
933512,5/27/2020,SAFETY CONSIDERATIONS FOR PATROLLING THE NYC SUBWAY SYSTEM -DANGERS OF THE PLATFORM EDGE
933512,5/11/2020,COVID-19: PREPAREDENESS
933512,5/11/2020,COVID-19: PROTECTIVE MASKS
933512,2/19/2020,FTS - BALLISTIC VEST REPLACEMENT - MEASUREMENT - PRE AUG 2020
933512,2/18/2020,CRIMINAL JUSTICE BUREAU - GIGLIO MATERIAL DISCLOSURES UNDER THE NEW DISCOVERY LAWS
933512,2/18/2020,CROSSFIRE MITIGATION DURING CLOSE COMBAT INCIDENTS - PART 2
933512,2/18/2020,UTILIZING BALLISTIC PROTECTION IN DEPARTMENT VEHICLES (4:09)
933512,12/11/2019,ACTIVITY LOG FOR IPHONE
933512,12/11/2019,CROSSFIRE MITIGATION DURING CLOSE COMBAT INCIDENTS
933512,11/27/2019,CJB - DESK APPEARANCE TICKETS: THE NEW LAWS AND GUIDELINES FOR PROCESSING DATS
933512,11/27/2019,CJB - OVERVIEW OF THE NEW DISCOVERY LAWS
933512,11/27/2019,RESPONDING TO COMMERCIAL ROBBERIES PART LL - MODULE 1 AND MODULE 2
933512,11/21/2019,FTS - ANNUAL CEW RECERTIFICATION
933512,11/20/2019,INCREASE OFFICER SAFETY DURING VEHICLE STOPS
933512,11/14/2019,DISCHARGING YOUR FIREARM AT A MOVING THREAT
933512,10/29/2019,PRISONER ESCAPE WARNING SIGNS
933512,10/29/2019,SUCCESSFULLY DISARMING AN EMOTIONALLY DISTURBED PERSON
933512,10/16/2019,CRIMINAL JUSTICE BUREAU - DNA TRAINING VIDEO
933512,10/16/2019,CRITICAL DECISION MAKING MODEL
933512,10/16/2019,DOMESTIC VIOLENCE EDUCATION AND COUNSELING
933512,10/16/2019,MARIJUANA POLICY UPDATE
933512,10/10/2019,FORCE POLICY UPDATE VIDEO
933512,8/31/2019,SHIELD OF RESILIENCE TRAINING COURSE
933512,8/18/2019,RESPONDING TO COMMERCIAL ROBBERIES
933512,8/16/2019,CRITICAL INCIDENT TACTICS - RESPONDING TO COMMERCIAL ROBBERIES (EXTENDED VERSION)
933512,7/16/2019,RESPONDING TO PEOPLE IN CRISIS – MODULE 4: USING DEPARTMENT MOBILE DIGITAL DEVICES
933512,7/14/2019,TRANSIT BUREAU - SAFETY CONSIDERATIONS FOR PATROLLING THE NYC SUBWAY SYSTEM
933512,7/14/2019,TRANSIT BUREAU - SAFETY CONSIDERATIONS FOR PATROLLING THE NYC SUBWAY SYSTEM - PART 2
933512,7/14/2019,TRANSIT BUREAU - TIMELY RESUMPTION OF SERVICE IN NYC TRANSIT
933512,6/25/2019,DISCUSSION - BASED LEARNING MODULE # 1-3
933512,6/19/2019,COLLABORATIVE POLICING - MEDIATION REFERRAL PROGRAM FOR NON-CRIMINAL COMPLAINTS
933512,6/12/2019,WORLDPRIDE NYC 2019
933512,5/15/2019,COLLABORATIVE POLICING - THE DEAF AND HARD OF HEARING COMMUNITY
933512,4/28/2019,RESPONDING TO PEOPLE IN CRISIS - MODULES 2 AND 3: ACTIVE LISTENING PARTS 1 AND 2
933512,4/8/2019,LEGAL BUREAU - PERJURY TRAINING MODULE
933512,3/25/2019,SAFEGUARDING PRISONERS - OFFICER SAFETY GUIDELINES
933512,2/25/2019,COLLABORATIVE POLICING - ELDER ABUSE
933512,2/4/2019,"SUPPORT SERVICES DIVISION - CLASS ""C"" OPERATOR"
933512,1/30/2019,EQUAL EMPLOYMENT OPPORTUNITYTRAINING - SEXUAL HARASSMENT AWARENESS AND PREVENTION
933512,1/30/2019,TEXT TO 911 - INTRODUCTION
933512,1/24/2019,PATROL DOOR BAG - ROPE AND WEDGE INTRODUCTION
933512,1/15/2019,RESPONDING TO PEOPLE IN CRISIS - MODULE 1: SENDING THE RIGHT SIGNALS
933512,12/4/2018,MARIJUANA BURNING ENFORCEMENT POLICY
933512,11/28/2018,CLT-PROCEDURAL OPERATIONS
933512,11/15/2018,FTS - ANNUAL CEW RECERTIFICATION
933512,11/13/2018,CLT-PROPERTY
933512,10/31/2018,AMERICANS WITH DISABILITIES ACT (ADA)
933512,10/16/2018,RESPONDING TO PEOPLE IN CRISIS-INTRODUCTION TO CIT VIDEO SERIES
933512,9/20/2018,NYC RIGHT TO KNOW ACT LEGISLATION - PART 2
933512,9/20/2018,NYC RIGHT TO KNOW ACT LEGISLATION – PART 1
933512,9/17/2018,CLT-ENFORCEMENT ACTIONS
933512,9/17/2018,CLT-LEGAL ISSUES
933512,9/16/2018,RAISE THE AGE
933512,5/9/2018,FTS - CEW X26P HOLSTER TRAINING AND DISTRIBUTION
933512,4/30/2018,CLT-ENFORCEMENT ACTIONS
933512,4/20/2018,CPS BODY-WORN CAMERA TRAINING WITH SCENARIOS
933512,3/12/2018,CPS FAIR AND IMPARTIAL POLICING - ALL POS AND DETS
933512,2/15/2018,LEGAL BUREAU PERFORMANCE METRICS - PROHIBITED CONDUCT
933512,1/22/2018,COLLABORATIVE POLICING- FOREIGN LANGUAGE CERTIFICATION VIDEO
933512,1/12/2018,2017-2019 IN-SERVICE CYCLE-INVESTIGATIVE ENCOUNTERS-SUPERVISOR TRAINING WITHOUT SCENARIOS
933512,12/6/2017,ONE-DAY INTERNAL AFFAIRS BUREAU ORIENTATION COURSE
933512,11/9/2017,FTS - ANNUAL CEW RECERTIFICATION
933512,10/15/2017,INFORMATION SECURITY AWARENESS TRAINING
933512,10/15/2017,NARCAN NASAL SPRAY TRAINING
933512,10/3/2017,PATROL- POLYCARBONATE SHIELD
933512,9/18/2017,COLLABORATIVE POLICING- ACCESSING TELEPHONIC INTERPRETERS VIA LANGUAGE LINE
933512,9/18/2017,POLICE COMMISSIONERS MESSAGE - VICTIMS OF SEXUAL ASSAULT VIDEO
933512,8/25/2017,CRISIS INTERVENTION TEAM TRAINING
933512,8/10/2017,EQUAL EMPLOYMENT OPPORTUNITY TRAINING FOR NEW ICOS
933512,7/19/2017,PERSONNEL BUREAU NYPD EMPLOYEE ASSISTANCE UNIT (EAU)
933512,6/25/2017,"CPS INTERIOR PATROL OF HOUSING AUTHORITY BUILDINGS, PG 212-60 ROLL CALL VIDEO 1"
933512,6/25/2017,"CPS INTERIOR PATROL OF HOUSING AUTHORITY BUILDINGS, PG 212-60 ROLL CALL VIDEO 2"
933512,6/25/2017,CPS INTERIOR PATROL TRESPASS AFFIDAVIT PROGRAM (TAP) VIDEO 1
933512,6/25/2017,CPS INTERIOR PATROL TRESPASS AFFIDAVIT PROGRAM (TAP) VIDEO 2
933512,6/1/2017,CRIMINAL JUSTICE REFORM ACT ROLL CALL TRAINING PART 2
933512,5/19/2017,CRIMINAL JUSTICE REFORM ACT ROLL CALL TRAINING PART 1
933512,1/30/2017,EQUAL EMPLOYMENT OPPORTUNITY TRANSGENDER DIVERSITY AND INCLUSION:EXECUTIVE ORDER 16
933512,1/11/2017,CITYTIME TRAINING FOR SUPERVISORS
933512,1/2/2017,HATE CRIMES AND BIAS-RELATED INCIDENTS
933512,12/8/2016,X26P TRANSITION COURSE FOR CURRENT X26 END-USER TRAINING
933512,11/3/2016,PUBLIC CONTACT AND CONSENT TO SEARCH (RIGHT TO KNOW) - UNIT TRAINING AUGUST 2016
933512,8/23/2016,INVESTIGATIVE ENCOUNTERS-VIDEO #4 DOCUMENTATION AND SUPERVISION-UNIT TRAINING JULY 2016
933512,7/28/2016,FTS - ANNUAL CEW RECERTIFICATION
933512,6/21/2016,FORCE POLICY REVISION-VIDEO-PG 221-UNIT TRAINING MAY 2016
933512,6/21/2016,INVESTIGATIVE ENCOUNTERS-VIDEO #3 TERRY STOPS AND REASONABLE SUSPICION-UNIT TRAINING JUNE 2016
933512,5/4/2016,INVESTIGATIVE ENCOUNTERS-VIDEO #2 COMMON LAW RIGHT OF INQUIRY-UNIT TRAINING MAY 2016
933512,3/25/2016,BASIC LEADERSHIP COURSE
933512,2/10/2016,INVESTIGATIVE ENCOUNTERS-VIDEO #1 REQUEST FOR INFO-UNIT TRAINING FEB 2016
933512,1/7/2016,WINDOWS PHONE TRAINING AND DISTRIBUTION
933512,12/3/2015,FORCE POLICY REVISION-PAMPHLET - PG 221 - UNIT TRAINING DECEMBER 2015
933512,11/9/2015,EMERGENCY VEHICLE OPERATION JULY 03 - JUNE 07
933512,11/9/2015,FIELD TRAINING PROGRAM JULY 03 - JUNE 07
933512,11/9/2015,PHYSICAL EDUCATION PART 1: FOUNDATIONS OF PHYSICAL FITNESS
933512,11/9/2015,PHYSICAL EDUCATION PART 2: DEFENSIVE TACTICS
933512,11/9/2015,PHYSICAL EDUCATION PART 3: AMERICAN HEART ASSOCIATION BASIC LIFE SUPPORT
933512,11/9/2015,POLICE CRISIS INTERVENTION JULY 03 - JUNE 07
933512,11/9/2015,POLICE FIELD PROBLEMS JULY 03 - JUNE 07
933512,11/9/2015,POLICE INVESTIGATION AND REPORTING JULY 03 - JUNE 07
933512,11/9/2015,POLICING A DEMOCRACY JULY 03 - JUNE 07
933512,11/9/2015,POLICING SPECIAL POPULATIONS JULY 03 - JUNE 07
933512,11/9/2015,PROCEDURAL LAW JULY 03 - JUNE 07
933512,11/9/2015,SUBSTANTIVE LAW JULY 03 - JUNE 07
933512,11/9/2015,TERRORISM AWARENESS AND RESPONSE JULY 03 - JUNE 07
933512,6/30/2015,20K TRAINING INITIATIVE - SMART POLICING
933512,6/29/2015,20K TRAINING INITIATIVE - PHYSICAL TACTICS
933512,5/7/2015,LIEUTENANT ADVANCED LEADERSHIP COMPUTER COURSE
933512,5/6/2015,20K TRAINING INITIATIVE - FOUNDATIONS OF POLICING
933512,5/4/2015,20K TRAINING INITIATIVE - FOUNDATIONS OF POLICING
933512,5/1/2015,LESS LETHAL TRAINING (X26 TASER)
933512,4/24/2015,ADVANCED LEADERSHIP COURSE: NEWLY PROMOTED LIEUTENANTS
933512,5/22/2013,I/NETDISPATCHER
933512,4/30/2013,DISORDER CONTROL TRAINING
933512,4/18/2013,HIGHWAY PRELIMINARY BREATH TEST INSTRUMENT TRAINING - PBT
933512,3/11/2013,LPR TRAINING
933512,12/20/2012,PROPERTY EVIDENCE TRACKING SYSTEM
933512,5/15/2012,LESS LETHAL TRAINING (X26 TASER)
933512,4/3/2012,DISORDER CONTROL TRAINING
933512,2/17/2010,MARIJUANA FIELD TESTING QUALIFIED
933512,2/17/2010,PSB MARIJUANA FIELD TESTING
933512,5/20/2009,PSB MARIJUANA FIELD TESTING
933512,8/7/2008,LESS LETHAL TRAINING (M26 AIR TASER)
933512,7/16/2005,COBRA - COHORT TRAINING
933512,7/1/2003,12 PASSENGER VAN / UTILITY VEHICLE QUALIFICATION
933512,,RECRUIT 12 PASSENGER VAN / UTILITY VEHICLE QUALIFICATION
933512,,RECRUIT RMP QUALIFICATION / RMP OPERATOR QUALIFIED
961483,6/25/2025,2025 BWC PROFICIENCY TRAINING
961483,6/25/2025,EAU 2025 POLICE COMMISSIONER JESSICA S. TISCH
961483,6/25/2025,SQF REVIEW AND DOCUMENTATION: SQF MODULE 10
961483,5/30/2025,CLT-OCCUPATIONAL-WORKPLACE SAFETY AND HEALTH
961483,5/20/2025,2025 EQUAL EMPLOYMENT OPPORTUNITY TRAINING - SEXUAL HARASSMENT AWARENESS AND PREVENTION
961483,4/25/2025,FTS - TASER 7 ANNUAL RECERTIFICATION
961483,3/1/2025,RIGHT TO KNOW ACT SQF MODULE 9
961483,2/14/2025,FTS - CEW TASER 7 TRANSITION COURSE
961483,2/14/2025,FTS - TASER 7 HOLSTER DISTRIBUTION
961483,1/31/2025,CLT-OCCUPATIONAL-WORKPLACE SAFETY AND HEALTH
961483,1/31/2025,TRANSIT BUREAU - TRANSIT KEYS
961483,1/30/2025,CLT-TACTICAL AWARENESS AND OFFICER SAFETY
961483,1/29/2025,VEHICLE PURSUITS
961483,1/9/2025,KEVIN AND AVONTE SAFE HOME PROGRAM
961483,1/3/2025,2025 IDENTIFYING THE IMPAIRED DRIVER REFRESHER
961483,1/3/2025,ACTIVE SHOOTER - SCHOOL RESPONSE PROTOCOL
961483,12/27/2024,CELL BLOCK FIRESHIELD EV BLANKETS
961483,12/19/2024,MULTI-FACTOR AUTHENTICATION MFA TRAINING
961483,12/17/2024,INFORMATION SECURITY AWARENESS TRAINING 2024
961483,12/17/2024,NOTIFICATION OF ALLEGATIONS AND EMPLOYEE RIGHTS
961483,12/3/2024,BEHAVIORAL HEALTH EMERGENCY ASSISTANCE RESPONSE DIVISION B-HEARD
961483,11/15/2024,DRIVING WHILE INTOXICATED AWARENESS VIDEO MODULE 1
961483,11/15/2024,LEAVING THE SCENE COLLISIONS INVESTIGATIVE BEST PRACTICES
961483,10/11/2024,FAMILY BUILDING
961483,9/25/2024,NORTHWELL DIRECT FINEST CARE PROGRAM FOR UMOS
961483,8/20/2024,RACIAL PROFILING AND BIASED BASED POLICING: SQF MODULE 8
961483,8/20/2024,RAPE IS RAPE
961483,8/9/2024,UNMANNED AIRCRAFT SYSTEMS VISUAL OBSERVER
961483,8/1/2024,APX NEXT PORTABLE AND RADIO DISCIPLINE TRAINING VIDEO
961483,8/1/2024,MENTAL HEALTH INVOLUNTARY REMOVALS MHL 9.41 AND MHL 9.58
961483,6/27/2024,LEVEL 1 AND LEVEL 2 INVESTIGATIVE ENCOUNTERS
961483,6/27/2024,TACTICS WHEN ENGAGING INDIVIDUALS IN A MENTAL HEALTH CRISIS
961483,5/24/2024,2024 EQUAL EMPLOYMENT OPPORTUNITY TRAINING - SEXUAL HARASSMENT AWARENESS AND PREVENTION
961483,5/24/2024,ACCURATE COMPLAINT REPORT CLASSIFICATION
961483,5/24/2024,DRIVE SMART 2024
961483,5/16/2024,FTS - ANNUAL CEW RECERTIFICATION
961483,5/3/2024,ASSISTING SURVIVORS OF SEXUAL BASED VIOLENCE WITH ACCESS TO RESOURCES
961483,4/25/2024,HOUSING BUREAU INTERIOR PATROL TACTICS
961483,4/9/2024,POLICING THE SUBWAY 2024
961483,3/23/2024,2024 VEHICLE SEIZURE FORM REFRESHER
961483,3/13/2024,AUTISM SPECTRUM DISORDER
961483,3/13/2024,EMPLOYEE ASSISTANCE UNIT (E.A.U.) IS HERE FOR YOU- 2024
961483,3/13/2024,LGBTQIA PLUS - DIVERSITY AND INCLUSION
961483,3/13/2024,NYCHA INTERIOR PATROL: SQF MODULE 7
961483,2/21/2024,AUGMENTED REALITY FEATURE
961483,2/21/2024,ELDER ABUSE -2023 REFRESHER
961483,2/21/2024,INVESTIGATIVE ENCOUNTERS SUMMARY: SQF MODULE 6
961483,2/21/2024,OPIOID DANGERS- FENTANYL AND CARFENTANIL
961483,1/12/2024,SRG - RAPID MOBILIZATION (PATROL) LEVEL 4
961483,1/3/2024,"POSSESSION OR INGESTION OF ANABOLIC STEROIDS, HUMAN GROWTH HORMONE, AND NUTRITIONAL SUPPLEMENTS"
961483,11/28/2023,SRG - RAPID MOBILIZATION (PATROL) LEVEL 4
961483,10/31/2023,SRG - RAPID MOBILIZATION (PATROL) LEVEL 4
961483,10/25/2023,EFFECTIVE COMMUNICATION SKILLS - DEAF OR HARD OF HEARING
961483,10/25/2023,INFORMATION SECURITY AWARENESS TRAINING - 2023
961483,10/25/2023,INVESTIGATIVE ENCOUNTERS 2023: MODULE 5 SQF LEVELS 3 AND 4
961483,10/25/2023,NYPD RECRUITMENT TRAINING VIDEO
961483,10/25/2023,VEHICLE MOUNTED VIDEO SYSTEM
961483,10/6/2023,FTS - ANNUAL CEW RECERTIFICATION
961483,8/30/2023,NYPD JOUVERT AND WEST INDIAN DAY-2023
961483,8/4/2023,2023 SUMMER ALL-OUT BODY WORN CAMERA TRAINING
961483,8/4/2023,UNMANNED AIRCRAFT PERMIT: DRONES FOR PUBLIC USE
961483,7/22/2023,TRAFFIC COURT TESTIMONY VIDEO
961483,5/30/2023,2023 EQUAL EMPLOYMENT OPPORTUNITY TRAINING-SEXUAL HARASSMENT AWARENESS AND PREVENTION
961483,5/30/2023,2023 LANGUAGE MATTERS - FOSTERING A POSITIVE WORK ENVIRONMENT
961483,5/30/2023,"INVESTIGATIVE ENCOUNTERS 2023: MODULE 4 SQF LEVELS 2, 3 AND 4"
961483,3/29/2023,BELT-WORN TRAUMA KIT REFRESHER TRAINING VIDEO-2022
961483,3/29/2023,CAR STOP TACTICS FOR PATROL OFFICERS - MODULE 1: CONTROLLING THE STOP
961483,3/29/2023,CAR STOP TACTICS FOR PATROL OFFICERS - MODULE 2: PROHIBITED MANEUVERS
961483,3/29/2023,CAR STOP TACTICS FOR PATROL OFFICERS - MODULE 3: THE UNKNOWN RISK STOP
961483,3/29/2023,CAR STOP TACTICS FOR PATROL OFFICERS - MODULE 4: THE HIGH-RISK STOP
961483,3/29/2023,ESPER POLICY LIBRARY
961483,3/29/2023,ILLEGAL EVICTIONS
961483,3/29/2023,INVESTIGATIVE ENCOUNTERS 2023 - MODULE 1 INTRODUCTION TO SQF
961483,3/29/2023,INVESTIGATIVE ENCOUNTERS 2023: MODULE 2 SQF LEVEL 1
961483,3/29/2023,INVESTIGATIVE ENCOUNTERS 2023: MODULE 3 SQF LEVEL 2
961483,3/29/2023,LGBTQIA PLUS AWARENESS
961483,3/29/2023,LOCAL LAW 45 OF 2021-TRAFFIC ENCOUNTERS
961483,3/29/2023,NYPD JOUVERT  WEST INDIAN DAY
961483,3/29/2023,NYPD-U VOLUNTARY - INVOLUNTARY TRANSPORTS
961483,3/29/2023,PROCESSING CIVILIAN COMPLAINTS
961483,3/29/2023,RAISING THE LOWER AGE OF JUVENILE DELINQUENCY
961483,3/29/2023,THE EMPLOYEE ASSISTANCE UNIT (EAU) IS HERE FOR YOU
961483,3/29/2023,VIDEO 1 - PATROLLING THE NYC SUBWAY SYSTEM 2022
961483,3/29/2023,VIDEO 2 -TACTICAL CONSIDERATIONS FOR TRANSIT PATROL 2022 (PART 1)
961483,3/29/2023,VIDEO 3 - TACTICAL CONSIDERATIONS FOR TRANSIT PATROL 2022 (PART 2)
961483,3/29/2023,VIDEO 4 - PLATFORM SAFETY 2022
961483,2/22/2023,INFORMATION SECURITY CRIMINAL JUSTICE TRAINING 2023
961483,1/19/2023,THREE DAY BASIC SURVEILLANCE COURSE
961483,11/8/2022,FTS - ANNUAL CEW RECERTIFICATION
961483,8/22/2022,CONVICTED OFFENDER DNA DATABANK SPECIMEN COLLECTION KIT
961483,8/22/2022,NATIONAL INCIDENT-BASED REPORTING SYSTEM (NIBRS) UPDATES TO THE OMNIFORM COMPLAINT SYSTEMV
961483,8/22/2022,PROHIBITED METHODS OF RESTRAINT
961483,8/22/2022,VEHICLE SEIZURE FORM
961483,8/2/2022,BEST PRACTICES IN STRUCTURED INTERVIEWING
961483,7/13/2022,2022 EQUAL EMPLOYMENT OPPORTUNITY TRAINING-SEXUAL HARASSMENT AWARENESS AND PREVENTION
961483,11/30/2021,IDENTIFYING THE IMPAIRED DRIVER
961483,11/24/2021,FTS - ANNUAL CEW RECERTIFICATION
961483,10/27/2021,ARRESTS - RELIGIOUS HEAD COVERING GUIDELINES (PG 208-83)
961483,10/12/2021,BODY-WORN CAMERA REVIEW PART TWO
961483,9/28/2021,BODY-WORN CAMERA REVIEW PART ONE
961483,9/28/2021,OPIOID OVERDOSE RECOGNITION AND NARCAN ADMINISTRATION -2021
961483,9/15/2021,INFORMATION SECURITY AWARENESS TRAINING 2021
961483,9/10/2021,MAYOR EXECUTIVE ORDER 78 VACCINATION - TESTING COMPLIANCE POLICY
961483,8/4/2021,EQUAL EMPLOYMENT OPPORTUNITY TRAINING - SEXUAL HARASSMENT AWARENESS AND PREVENTION 2021
961483,7/27/2021,CPS EARLY INTERVENTION PROGRAM - LEGAL REFRESHER TRAINING
961483,5/20/2021,OVERVIEW OF THE NEW DISCOVERY LAWS 2021 REFRESHER
961483,5/13/2021,PATROL GUIDE 215-17 POLICE ACTIONS RELATED QUESTIONING ARRESTS AND INVESTIGATIONS AT A NYC DEPARTMEN
961483,4/20/2021,EMPLOYEE ASSISTANCE UNIT-2021
961483,4/13/2021,BALLISTIC VEST MEASUREMENT PROGRAM
961483,4/1/2021,EQUAL EMPLOYMENT OPPORTUNITY TRAINING - LGBTQIA+ DIVERSITY AND INCLUSION / EXECUTIVE ORDER 16 OF 201
961483,3/4/2021,DESK APPEARANCE TICKETS: THE NEW LAW AND THE NEW GUIDELINES FOR PROCESSING DAT'S - 2021 REFRESHER
961483,2/28/2021,"CUSTOMER SERVICE PROGRAM:  ROLL CALL MODULE 2, COMMUNICATION SKILLS"
961483,2/25/2021,CUSTOMER SERVICE PROGRAM: HOW DID WE DO
961483,2/10/2021,"CUSTOMER SERVICE PROGRAM:  ROLL CALL MODULE 1, INTRODUCTION TO PRECINCT GREETER PROGRAM"
961483,1/23/2021,COVID VACCINE DISTRIBUTION AND EDUCATION
961483,12/1/2020,EQUAL EMPLOYMENT OPPORTUNITY TRAINING - LEAVE TO EXPRESS BREAST MILK
961483,9/25/2020,FTS - ANNUAL CEW RECERTIFICATION
961483,6/30/2020,"EQUAL EMPLOYMENT OPPORTUNITY TRAINING - SEXUAL HARASSMENT, AWARENESS AND PREVENTION"
961483,6/30/2020,NEW LAWS AFFECTING POLICE OFFICERS’ CRIMINAL AND CIVIL LIABILITY
961483,6/26/2020,VICTIM BLAMING AND RELEASE OF INFORMATION TO THE MEDIA
961483,6/18/2020,HEALTH AND WELLNESS SECTION - MODULE 12 - IN THAT DARK PLACE - AN OFFICER'S JOURNEY
961483,6/6/2020,COVID-19: PREPAREDENESS
961483,6/6/2020,COVID-19: PREPAREDNESS YOUR FAMILY AND HOME
961483,6/6/2020,COVID-19: PROTECTIVE MASKS
961483,6/6/2020,HEALTH AND WELLNESS SECTION - MODULE 1 - PSYCHOLOGICAL HEALTH AND WELLNESS
961483,6/6/2020,HEALTH AND WELLNESS SECTION - MODULE 10 - SEEKING AND RECEIVING MENTAL HEALTH SUPPORT
961483,6/6/2020,HEALTH AND WELLNESS SECTION - MODULE 11 - HEALTH AND RESILIENCY
961483,6/6/2020,HEALTH AND WELLNESS SECTION - MODULE 2 - JOB COUNSELING AND STRESS
961483,6/6/2020,HEALTH AND WELLNESS SECTION - MODULE 3 - WARNING SIGNS
961483,6/6/2020,HEALTH AND WELLNESS SECTION - MODULE 4 - CUMULATIVE TRAUMA
961483,6/6/2020,HEALTH AND WELLNESS SECTION - MODULE 5 - GAINING PERSPECTIVE
961483,6/6/2020,HEALTH AND WELLNESS SECTION - MODULE 6 - COPING WITH SIGNS OF ANXIETY DEPRESSION
961483,6/6/2020,HEALTH AND WELLNESS SECTION - MODULE 7 - LEADING WITH COMPASSION
961483,6/6/2020,"HEALTH AND WELLNESS SECTION - MODULE 8 - WARNING SIGNS, SUPPORT AND OUTREACH"
961483,6/6/2020,HEALTH AND WELLNESS SECTION - MODULE 9 - MANAGING STRESS ON THE JOB
961483,4/30/2020,SAFETY CONSIDERATIONS FOR PATROLLING THE NYC SUBWAY SYSTEM -DANGERS OF THE PLATFORM EDGE
961483,3/8/2020,CLT-DOCUMENTATION AND FORMS
961483,3/7/2020,"AXON BODY-WORN CAMERA TRAINING - CAMERA OPERATION, AXON VIEW AND EVIDENCE.COM (REQUIRED FOR LE4 COMM"
961483,2/20/2020,FTS - TACTICAL TRAINING CENTER 090 PCT - SESSION 2
961483,2/18/2020,UTILIZING BALLISTIC PROTECTION IN DEPARTMENT VEHICLES (4:09)
961483,2/14/2020,CRIMINAL JUSTICE BUREAU - GIGLIO MATERIAL DISCLOSURES UNDER THE NEW DISCOVERY LAWS
961483,1/15/2020,CROSSFIRE MITIGATION DURING CLOSE COMBAT INCIDENTS - PART 2
961483,1/15/2020,PROCESSING DISCOVERY MATERIAL IN THE FORMS ARREST FOLDER
961483,12/17/2019,FTS - TACTICAL TRAINING CENTER 090 PCT - SESSION 2
961483,12/11/2019,CJB - OVERVIEW OF THE NEW DISCOVERY LAWS
961483,12/10/2019,ACTIVITY LOG FOR IPHONE
961483,12/10/2019,CJB - DESK APPEARANCE TICKETS: THE NEW LAWS AND GUIDELINES FOR PROCESSING DATS
961483,12/10/2019,CROSSFIRE MITIGATION DURING CLOSE COMBAT INCIDENTS
961483,12/6/2019,ADVANCED TACTICAL FIREARMS TRAINING COURSE
961483,12/6/2019,FTS - ANNUAL CEW RECERTIFICATION
961483,11/30/2019,RESPONDING TO COMMERCIAL ROBBERIES PART LL - MODULE 1 AND MODULE 2
961483,11/12/2019,DISCHARGING YOUR FIREARM AT A MOVING THREAT
961483,10/10/2019,CRIMINAL JUSTICE BUREAU - DNA TRAINING VIDEO
961483,10/9/2019,FORCE POLICY UPDATE VIDEO
961483,10/1/2019,CRITICAL DECISION MAKING MODEL
961483,10/1/2019,MARIJUANA POLICY UPDATE
961483,9/3/2019,DOMESTIC VIOLENCE EDUCATION AND COUNSELING
961483,9/2/2019,SHIELD OF RESILIENCE TRAINING COURSE
961483,8/30/2019,ADVANCED NARCOTICS INVESTIGATION COURSE (HIDTA)
961483,8/19/2019,CRITICAL INCIDENT TACTICS - RESPONDING TO COMMERCIAL ROBBERIES (EXTENDED VERSION)
961483,8/6/2019,RESPONDING TO COMMERCIAL ROBBERIES
961483,7/6/2019,TRANSIT BUREAU - SAFETY CONSIDERATIONS FOR PATROLLING THE NYC SUBWAY SYSTEM
961483,7/6/2019,TRANSIT BUREAU - SAFETY CONSIDERATIONS FOR PATROLLING THE NYC SUBWAY SYSTEM - PART 2
961483,7/6/2019,TRANSIT BUREAU - TIMELY RESUMPTION OF SERVICE IN NYC TRANSIT
961483,6/28/2019,RESPONDING TO PEOPLE IN CRISIS – MODULE 4: USING DEPARTMENT MOBILE DIGITAL DEVICES
961483,6/17/2019,COUNTERTERRORISM BUREAU ACTIVE SHOOTER SCHOOL INCIDENTS AWARENESS
961483,6/17/2019,COUNTERTERRORISM BUREAU NH15 TRAINING
961483,6/13/2019,WORLDPRIDE NYC 2019
961483,5/29/2019,COLLABORATIVE POLICING - MEDIATION REFERRAL PROGRAM FOR NON-CRIMINAL COMPLAINTS
961483,5/15/2019,COLLABORATIVE POLICING - THE DEAF AND HARD OF HEARING COMMUNITY
961483,4/19/2019,RESPONDING TO PEOPLE IN CRISIS - MODULES 2 AND 3: ACTIVE LISTENING PARTS 1 AND 2
961483,4/1/2019,LEGAL BUREAU - PERJURY TRAINING MODULE
961483,3/21/2019,SAFEGUARDING PRISONERS - OFFICER SAFETY GUIDELINES
961483,2/19/2019,COLLABORATIVE POLICING - ELDER ABUSE
961483,2/5/2019,"SUPPORT SERVICES DIVISION - CLASS ""C"" OPERATOR"
961483,2/5/2019,TEXT TO 911 - INTRODUCTION
961483,1/11/2019,RESPONDING TO PEOPLE IN CRISIS - MODULE 1: SENDING THE RIGHT SIGNALS
961483,1/9/2019,ADVANCED TACTICAL FIREARMS TRAINING COURSE
961483,12/27/2018,PATROL DOOR BAG - ROPE AND WEDGE INTRODUCTION
961483,12/20/2018,EQUAL EMPLOYMENT OPPORTUNITYTRAINING - SEXUAL HARASSMENT AWARENESS AND PREVENTION
961483,12/4/2018,MARIJUANA BURNING ENFORCEMENT POLICY
961483,11/20/2018,CLT-PROCEDURAL OPERATIONS
961483,10/31/2018,AMERICANS WITH DISABILITIES ACT (ADA)
961483,10/22/2018,2017-2019 IN-SERVICE CYCLE-INVESTIGATIVE ENCOUNTERS- BASIC TRAINING WITH SCENARIOS
961483,10/17/2018,CLT-ENFORCEMENT ACTIONS
961483,10/15/2018,FTS - ANNUAL CEW RECERTIFICATION
961483,10/14/2018,NEW DEPARTMENT POLICY - BURNING MARIJUANA IN PUBLIC
961483,10/14/2018,RESPONDING TO PEOPLE IN CRISIS-INTRODUCTION TO CIT VIDEO SERIES
961483,10/3/2018,PLAIN CLOTHES TRAINING CERTIFIED BASIC PLAIN-CLOTHES COURSE
961483,9/26/2018,INVESTIGATIVE ENCOUNTERS-VIDEO #1 REQUEST FOR INFO-UNIT TRAINING FEB 2016
961483,9/26/2018,NYC RIGHT TO KNOW ACT LEGISLATION - PART 2
961483,9/26/2018,NYC RIGHT TO KNOW ACT LEGISLATION – PART 1
961483,9/11/2018,FTS - TACTICAL TRAINING CENTER 090 PCT - SESSION 2
961483,9/6/2018,CLT-LEGAL ISSUES
961483,9/5/2018,NEW PERFORMANCE EVALUATION PROCESS
961483,9/5/2018,PUBLIC CONTACT AND CONSENT TO SEARCH (RIGHT TO KNOW) - UNIT TRAINING AUGUST 2016
961483,9/5/2018,RAISE THE AGE
961483,9/5/2018,TACTICAL AWARENESS-SMARTPHONE SAFETY
961483,7/10/2018,CLT-PROCEDURAL OPERATIONS
961483,6/28/2018,CLT-PROCEDURAL OPERATIONS
961483,5/30/2018,CPS BODY-WORN CAMERA TRAINING WITH SCENARIOS
961483,5/22/2018,CPS FAIR AND IMPARTIAL POLICING - ALL POS AND DETS
961483,5/17/2018,COMMUNICATIONS- THE PROPER USAGE OF THE IDA RADIO CODES
961483,5/17/2018,FTS - CEW X26P HOLSTER TRAINING AND DISTRIBUTION
961483,4/19/2018,CABARET/CLUB ENFORCEMENT TRAINING
961483,4/6/2018,DIGNITARY PROTECTION COURSE
961483,3/2/2018,2017-2019 IN-SERVICE CYCLE-INTEGRATED TACTICS
961483,2/26/2018,PSB MARIJUANA FIELD TESTING
961483,2/23/2018,HIGHWAY DRUG IMPAIRED DRIVING COURSE
961483,2/23/2018,HIGHWAY PRELIMINARY BREATH TEST INSTRUMENT TRAINING - PBT
961483,2/18/2018,LEGAL BUREAU PERFORMANCE METRICS - PROHIBITED CONDUCT
961483,1/17/2018,COLLABORATIVE POLICING- FOREIGN LANGUAGE CERTIFICATION VIDEO
961483,11/29/2017,CPS INTERIOR PATROL TRESPASS AFFIDAVIT PROGRAM (TAP) VIDEO 2
961483,11/10/2017,FTS - ANNUAL CEW RECERTIFICATION
961483,11/7/2017,"CPS INTERIOR PATROL OF HOUSING AUTHORITY BUILDINGS, PG 212-60 ROLL CALL VIDEO 1"
961483,11/7/2017,"CPS INTERIOR PATROL OF HOUSING AUTHORITY BUILDINGS, PG 212-60 ROLL CALL VIDEO 2"
961483,11/7/2017,CPS INTERIOR PATROL TRESPASS AFFIDAVIT PROGRAM (TAP) VIDEO 1
961483,11/2/2017,FORCE POLICY REVISION-VIDEO-PG 221-UNIT TRAINING MAY 2016
961483,10/31/2017,INVESTIGATIVE ENCOUNTERS-VIDEO #2 COMMON LAW RIGHT OF INQUIRY-UNIT TRAINING MAY 2016
961483,10/31/2017,INVESTIGATIVE ENCOUNTERS-VIDEO #3 TERRY STOPS AND REASONABLE SUSPICION-UNIT TRAINING JUNE 2016
961483,10/31/2017,INVESTIGATIVE ENCOUNTERS-VIDEO #4 DOCUMENTATION AND SUPERVISION-UNIT TRAINING JULY 2016
961483,10/17/2017,COLLABORATIVE POLICING- ACCESSING TELEPHONIC INTERPRETERS VIA LANGUAGE LINE
961483,10/17/2017,NARCAN NASAL SPRAY TRAINING
961483,9/27/2017,BICYCLE TRAINING (3-DAY)
961483,8/30/2017,INFORMATION SECURITY AWARENESS TRAINING
961483,8/30/2017,PATROL- POLYCARBONATE SHIELD
961483,8/30/2017,POLICE COMMISSIONERS MESSAGE - VICTIMS OF SEXUAL ASSAULT VIDEO
961483,8/25/2017,COUNTER TERRORISM INITIAL PATROL RESPONSE TO AN ACTIVE SHOOTER
961483,8/22/2017,BTK (BELT TRAUMA KIT DISTRIBUTION AND FAMILIARIZATION)
961483,7/24/2017,PERSONNEL BUREAU NYPD EMPLOYEE ASSISTANCE UNIT (EAU)
961483,7/10/2017,"CPS INTERIOR PATROL OF HOUSING AUTHORITY BUILDINGS, PG 212-60 ROLL CALL VIDEO 2"
961483,7/6/2017,"CPS INTERIOR PATROL OF HOUSING AUTHORITY BUILDINGS, PG 212-60 ROLL CALL VIDEO 1"
961483,7/6/2017,EQUAL EMPLOYMENT OPPORTUNITY TRANSGENDER DIVERSITY AND INCLUSION:EXECUTIVE ORDER 16
961483,6/16/2017,CPS INTERIOR PATROL TRESPASS AFFIDAVIT PROGRAM (TAP) VIDEO 1
961483,6/8/2017,CRIMINAL JUSTICE REFORM ACT ROLL CALL TRAINING PART 1
961483,6/8/2017,CRIMINAL JUSTICE REFORM ACT ROLL CALL TRAINING PART 2
961483,6/7/2017,CRIMINAL JUSTICE REFORM ACT ROLL CALL TRAINING PART 2
961483,6/5/2017,2016-17 INSERVICE CYCLE-PHYSICAL TACTICS
961483,6/2/2017,CRIMINAL JUSTICE REFORM ACT ROLL CALL TRAINING PART 1
961483,5/25/2017,CRIMINAL JUSTICE REFORM ACT ROLL CALL TRAINING PART 1
961483,12/11/2016,X26P TRANSITION COURSE FOR CURRENT X26 END-USER TRAINING
961483,11/7/2016,FORCE POLICY REVISION-VIDEO-PG 221-UNIT TRAINING MAY 2016
961483,9/26/2016,INVESTIGATIVE ENCOUNTERS-VIDEO #1 REQUEST FOR INFO-UNIT TRAINING FEB 2016
961483,9/26/2016,INVESTIGATIVE ENCOUNTERS-VIDEO #2 COMMON LAW RIGHT OF INQUIRY-UNIT TRAINING MAY 2016
961483,9/26/2016,INVESTIGATIVE ENCOUNTERS-VIDEO #3 TERRY STOPS AND REASONABLE SUSPICION-UNIT TRAINING JUNE 2016
961483,9/26/2016,INVESTIGATIVE ENCOUNTERS-VIDEO #4 DOCUMENTATION AND SUPERVISION-UNIT TRAINING JULY 2016
961483,9/8/2016,INVESTIGATIVE ENCOUNTERS-VIDEO #2 COMMON LAW RIGHT OF INQUIRY-UNIT TRAINING MAY 2016
961483,7/8/2016,INVESTIGATIVE ENCOUNTERS-VIDEO #4 DOCUMENTATION AND SUPERVISION-UNIT TRAINING JULY 2016
961483,7/5/2016,INVESTIGATIVE ENCOUNTERS-VIDEO #4 DOCUMENTATION AND SUPERVISION-UNIT TRAINING JULY 2016
961483,7/1/2016,BTK (BELT TRAUMA KIT DISTRIBUTION AND FAMILIARIZATION)
961483,7/1/2016,RECRUIT RAPID DEPLOYMENT-ACTIVE SHOOTER
961483,6/30/2016,INVESTIGATIVE ENCOUNTERS-VIDEO #4 DOCUMENTATION AND SUPERVISION-UNIT TRAINING JULY 2016
961483,6/29/2016,FORCE POLICY REVISION-VIDEO-PG 221-UNIT TRAINING MAY 2016
961483,6/29/2016,INVESTIGATIVE ENCOUNTERS-VIDEO #1 REQUEST FOR INFO-UNIT TRAINING FEB 2016
961483,6/29/2016,INVESTIGATIVE ENCOUNTERS-VIDEO #2 COMMON LAW RIGHT OF INQUIRY-UNIT TRAINING MAY 2016
961483,6/29/2016,INVESTIGATIVE ENCOUNTERS-VIDEO #3 TERRY STOPS AND REASONABLE SUSPICION-UNIT TRAINING JUNE 2016
961483,6/28/2016,POLICE ACADEMY RECRUIT NIMS 700 WRITTEN EXAM
961483,6/26/2016,THREE WHEEL SCOOTER CERTIFIED
961483,6/26/2016,TWO WHEEL SCOOTER (WITH TACTICS) CERTIFIED
961483,6/22/2016,PTTD DEFENSIVE TACTICS REVIEW WRITTEN EXAM
961483,6/21/2016,POLICE ACADEMY RECRUIT JUSTIFICATION WRITTEN EXAM
961483,6/20/2016,POLICE ACADEMY RECRUIT 3RD TRIMESTER EXAM
961483,6/10/2016,PTTD DEFENSIVE TACTICS REVIEW WRITTEN EXAM
961483,6/10/2016,RECRUIT RMP QUALIFICATION / RMP OPERATOR QUALIFIED
961483,6/7/2016,DISORDER CONTROL TRAINING
961483,5/25/2016,PTTD WATER SAFETY
961483,5/19/2016,RECRUIT RAPID DEPLOYMENT-ACTIVE SHOOTER
961483,5/17/2016,COBRA - COHORT TRAINING
961483,5/11/2016,GROUND TACTICS
961483,5/9/2016,CRISIS INTERVENTION TEAM TRAINING
961483,4/4/2016,POLICE ACADEMY RECRUIT 2ND TRIMESTER EXAM
961483,3/30/2016,PTTD WEAPONS DEFENSE
961483,3/17/2016,PTTD EXPANDABLE BATON
961483,3/16/2016,FIREARMS 5 DAY TACTICAL SKILLS V2
961483,3/15/2016,LESS LETHAL TRAINING (X26 TASER)
961483,3/4/2016,POLICE ACADEMY RECRUIT STOP QUESTION & FRISK WRITTEN EXAM
961483,3/3/2016,BATON
961483,3/2/2016,RECRUIT TRAINING COMPUTER COURSE
961483,2/25/2016,"PTTD CARDIO ENDURANCE TEST, 1ST ATTEMPT"
961483,2/24/2016,FRISKING AND HANDCUFFING
961483,2/23/2016,RECRUIT BASIC FIREARMS QUALIFICATION AND TRAINING
961483,2/17/2016,PTTD C.P.R. / A.E.D. WRITTEN EXAM
961483,2/16/2016,PTTD C.P.R. / A.E.D. WRITTEN EXAM
961483,2/16/2016,PTTD CPR PRACTICAL EXAM
961483,2/15/2016,POLICE ACADEMY RECRUIT NCIC WRITTEN EXAM
961483,2/9/2016,JOB STANDARDS TEST ATTEMPT #1
961483,2/8/2016,POLICE ACADEMY RECRUIT 1ST TRIMESTER EXAM
961483,2/2/2016,PTTD DEFENSIVE TACTICS PRACTICAL EXAM
961483,2/1/2016,POLICE ACADEMY RECRUIT 1ST TRIMESTER PRACTICE WRITTEN EXAM
961483,1/7/2016,POLICE ACADEMY RECRUIT PREREADING EXAM
961483,12/15/2015,FIRST AID WRITEN EXAM
961483,11/9/2015,EMERGENCY VEHICLE OPERATION JULY 07 - PRESENT
961483,11/9/2015,FIELD TRAINING PROGRAM JULY 07 - PRESENT
961483,11/9/2015,PHYSICAL EDUCATION PART 1: FOUNDATIONS OF PHYSICAL FITNESS
961483,11/9/2015,PHYSICAL EDUCATION PART 2: DEFENSIVE TACTICS JULY 07 - PRESENT
961483,11/9/2015,PHYSICAL EDUCATION PART 3: AMERICAN HEART ASSOCIATION BASIC LIFE SUPPORT
961483,11/9/2015,POLICE CRISIS INTERVENTION JULY 07 - PRESENT
961483,11/9/2015,POLICE FIELD PROBLEMS JULY 07 - PRESENT
961483,11/9/2015,POLICE INVESTIGATION AND REPORTING JULY 07 - PRESENT
961483,11/9/2015,POLICING A DEMOCRACY JULY 07 - PRESENT
961483,11/9/2015,POLICING SPECIAL POPULATIONS JULY 07 - PRESENT
961483,11/9/2015,PROCEDURAL LAW JULY 07 - PRESENT
961483,11/9/2015,SUBSTANTIVE LAW JULY 07 - PRESENT
961483,11/9/2015,TERRORISM AWARENESS AND RESPONSE JULY 07 - PRESENT
935452,6/18/2025,2025 EQUAL EMPLOYMENT OPPORTUNITY TRAINING - SEXUAL HARASSMENT AWARENESS AND PREVENTION
935452,6/18/2025,EAU 2025 POLICE COMMISSIONER JESSICA S. TISCH
935452,6/17/2025,2025 BWC PROFICIENCY TRAINING
935452,5/28/2025,SQF REVIEW AND DOCUMENTATION: SQF MODULE 10
935452,5/5/2025,FTS - COLT M4 RE-QUALIFICATION
935452,4/13/2025,2025 IDENTIFYING THE IMPAIRED DRIVER REFRESHER
935452,4/13/2025,RIGHT TO KNOW ACT SQF MODULE 9
935452,3/16/2025,NOTIFICATION OF ALLEGATIONS AND EMPLOYEE RIGHTS
935452,3/3/2025,BEHAVIORAL HEALTH EMERGENCY ASSISTANCE RESPONSE DIVISION B-HEARD
935452,3/3/2025,NORTHWELL DIRECT FINEST CARE PROGRAM FOR UMOS
935452,1/31/2025,VEHICLE PURSUITS
935452,1/29/2025,ACTIVE SHOOTER - SCHOOL RESPONSE PROTOCOL
935452,1/29/2025,COUNTERTERRORISM BUREAU ACTIVE SHOOTER SCHOOL INCIDENTS AWARENESS
935452,12/31/2024,FTS - DCJS FIREARMS INSTRUCTOR WORKSHOP
935452,11/26/2024,DRIVING WHILE INTOXICATED AWARENESS VIDEO MODULE 1
935452,10/30/2024,FTS - COLT M4 RE-QUALIFICATION
935452,10/23/2024,ASSISTING SURVIVORS OF SEXUAL BASED VIOLENCE WITH ACCESS TO RESOURCES
935452,10/23/2024,RACIAL PROFILING AND BIASED BASED POLICING: SQF MODULE 8
935452,9/9/2024,CPR-AED CARDIOPULMONARY RESUSCITATION-AUTOMATED EXTERNAL DEFIBRILLATOR REFRESHER
935452,8/21/2024,RAPE IS RAPE
935452,8/15/2024,MENTAL HEALTH INVOLUNTARY REMOVALS MHL 9.41 AND MHL 9.58
935452,8/6/2024,2024 EQUAL EMPLOYMENT OPPORTUNITY TRAINING - SEXUAL HARASSMENT AWARENESS AND PREVENTION
935452,6/24/2024,LEVEL 1 AND LEVEL 2 INVESTIGATIVE ENCOUNTERS
935452,6/13/2024,PROFESSIONAL DEVELOPMENT - FTS - FBI FIREARMS INSTRUCTOR SCHOOL
935452,5/28/2024,2024 VEHICLE SEIZURE FORM REFRESHER
935452,5/28/2024,DRIVE SMART 2024
935452,5/28/2024,NYCHA INTERIOR PATROL: SQF MODULE 7
935452,3/10/2024,AUTISM SPECTRUM DISORDER
935452,3/10/2024,EMPLOYEE ASSISTANCE UNIT (E.A.U.) IS HERE FOR YOU- 2024
935452,2/21/2024,PROFESSIONAL DEVELOPMENT - FTS - DCJS AEROSOL SUBJECT RESTRAINT INSTRUCTOR
935452,2/20/2024,PROFESSIONAL DEVELOPMENT - FTS - SABRE LAW ENFORCEMENT AEROSOL PROJECTORS INSTRUCTOR
935452,2/7/2024,LGBTQIA PLUS - DIVERSITY AND INCLUSION
935452,2/7/2024,"POSSESSION OR INGESTION OF ANABOLIC STEROIDS, HUMAN GROWTH HORMONE, AND NUTRITIONAL SUPPLEMENTS"
935452,12/15/2023,FTS - CEW TASER 7 TRANSITION COURSE
935452,12/15/2023,PROFESSIONAL DEVELOPMENT - FTS - AXON TASER 7 INSTRUCTOR COURSE
935452,12/15/2023,PROFESSIONAL DEVELOPMENT - FTS - AXON TASER X26P CEW INSTRUCTOR
935452,11/24/2023,FTS - ANNUAL CEW RECERTIFICATION
935452,11/24/2023,FTS - NST - PST ADVANCED TACTICAL 1-DAY FIREARMS TRAINING COURSE
935452,8/10/2023,2023 EQUAL EMPLOYMENT OPPORTUNITY TRAINING-SEXUAL HARASSMENT AWARENESS AND PREVENTION
935452,8/9/2023,UNMANNED AIRCRAFT PERMIT: DRONES FOR PUBLIC USE
935452,5/18/2023,CITYTIME TRAINING FOR SUPERVISORS
935452,12/2/2022,METHODS OF INSTRUCTION
935452,11/11/2022,INTRODUCTION TO MICROSOFT POWERPOINT – METHODS OF INSTRUCTION
935452,10/28/2022,PROFESSIONAL DEVELOPMENT - FTS - FIREARMS INSTRUCTOR SCHOOL
935452,10/27/2022,FTS - ANNUAL CEW RECERTIFICATION
935452,10/5/2022,BELT-WORN TRAUMA KIT REFRESHER TRAINING VIDEO-2022
935452,8/19/2022,2022 EQUAL EMPLOYMENT OPPORTUNITY TRAINING-SEXUAL HARASSMENT AWARENESS AND PREVENTION
935452,2/17/2022,"INTEGRATING COMMUNICATION, ASSESSMENT AND TACTICS (ICAT) MODULE 2"
935452,12/22/2021,ACTIVE BYSTANDERSHIP FOR LAW ENFORCEMENT (ABLE): ONE DAY COURSE
935452,12/16/2021,"INTEGRATING COMMUNICATION, ASSESSMENT AND TACTICS (ICAT) MODULE 1"
935452,9/13/2021,MAYOR EXECUTIVE ORDER 78 VACCINATION - TESTING COMPLIANCE POLICY
935452,8/4/2021,DETECTIVE BUREAU PROFESSIONAL DEVELOPMENT SEMINAR
935452,7/13/2021,EQUAL EMPLOYMENT OPPORTUNITY TRAINING - SEXUAL HARASSMENT AWARENESS AND PREVENTION 2021
935452,5/7/2021,FTS - ANNUAL CEW RECERTIFICATION
935452,4/1/2021,EQUAL EMPLOYMENT OPPORTUNITY TRAINING - LGBTQIA+ DIVERSITY AND INCLUSION / EXECUTIVE ORDER 16 OF 201
935452,3/9/2021,"CUSTOMER SERVICE PROGRAM:  ROLL CALL MODULE 2, COMMUNICATION SKILLS"
935452,2/12/2021,"CUSTOMER SERVICE PROGRAM:  ROLL CALL MODULE 1, INTRODUCTION TO PRECINCT GREETER PROGRAM"
935452,10/14/2020,FTS - ANNUAL CEW RECERTIFICATION
935452,9/10/2020,"EQUAL EMPLOYMENT OPPORTUNITY TRAINING - SEXUAL HARASSMENT, AWARENESS AND PREVENTION"
935452,7/7/2020,COVID-19: PREPAREDNESS YOUR FAMILY AND HOME
935452,7/7/2020,VICTIM BLAMING AND RELEASE OF INFORMATION TO THE MEDIA
935452,6/11/2020,FTS - BALLISTIC VEST REPLACEMENT - DISTRIBUTION - PRE AUGUST 2020
935452,5/11/2020,COVID-19: PREPAREDENESS
935452,5/11/2020,COVID-19: PROTECTIVE MASKS
935452,5/11/2020,CROSSFIRE MITIGATION DURING CLOSE COMBAT INCIDENTS - PART 2
935452,5/11/2020,PROCESSING DISCOVERY MATERIAL IN THE FORMS ARREST FOLDER
935452,5/11/2020,SHIELD OF RESILIENCE TRAINING COURSE
935452,5/11/2020,UTILIZING BALLISTIC PROTECTION IN DEPARTMENT VEHICLES (4:09)
935452,3/10/2020,FTS - TACTICAL TRAINING CENTER CAD - SESSION 1
935452,2/20/2020,FTS - BALLISTIC VEST REPLACEMENT - MEASUREMENT - PRE AUG 2020
935452,12/15/2019,ACTIVITY LOG FOR IPHONE
935452,12/15/2019,COLLABORATIVE POLICING - ELDER ABUSE
935452,12/15/2019,CROSSFIRE MITIGATION DURING CLOSE COMBAT INCIDENTS
935452,12/15/2019,LEGAL BUREAU - PERJURY TRAINING MODULE
935452,12/2/2019,CJB - OVERVIEW OF THE NEW DISCOVERY LAWS
935452,12/2/2019,DISCHARGING YOUR FIREARM AT A MOVING THREAT
935452,12/2/2019,DOMESTIC VIOLENCE EDUCATION AND COUNSELING
935452,12/2/2019,NYC RIGHT TO KNOW ACT LEGISLATION - PART 2
935452,12/2/2019,NYC RIGHT TO KNOW ACT LEGISLATION – PART 1
935452,12/2/2019,RESPONDING TO COMMERCIAL ROBBERIES PART LL - MODULE 1 AND MODULE 2
935452,12/2/2019,RESPONDING TO PEOPLE IN CRISIS – MODULE 4: USING DEPARTMENT MOBILE DIGITAL DEVICES
935452,12/2/2019,SAFEGUARDING PRISONERS - OFFICER SAFETY GUIDELINES
935452,11/27/2019,DETECTIVE BUREAU PROFESSIONAL DEVELOPMENT SEMINAR
935452,10/10/2019,FORCE POLICY UPDATE VIDEO
935452,10/10/2019,RESPONDING TO PEOPLE IN CRISIS - MODULE 1: SENDING THE RIGHT SIGNALS
935452,10/10/2019,RESPONDING TO PEOPLE IN CRISIS - MODULES 2 AND 3: ACTIVE LISTENING PARTS 1 AND 2
935452,10/3/2019,COLLABORATIVE POLICING - MEDIATION REFERRAL PROGRAM FOR NON-CRIMINAL COMPLAINTS
935452,10/3/2019,COLLABORATIVE POLICING - THE DEAF AND HARD OF HEARING COMMUNITY
935452,10/3/2019,CRITICAL DECISION MAKING MODEL
935452,10/3/2019,MARIJUANA POLICY UPDATE
935452,10/3/2019,RESPONDING TO COMMERCIAL ROBBERIES
935452,10/3/2019,WORLDPRIDE NYC 2019
935452,8/5/2019,2019 DETECTIVE BUREAU INTAC
935452,7/31/2019,FTS - ANNUAL CEW RECERTIFICATION
935452,12/30/2018,EQUAL EMPLOYMENT OPPORTUNITYTRAINING - SEXUAL HARASSMENT AWARENESS AND PREVENTION
935452,12/30/2018,NEW PERFORMANCE EVALUATION PROCESS
935452,12/30/2018,TACTICAL AWARENESS-SMARTPHONE SAFETY
935452,12/12/2018,AMERICANS WITH DISABILITIES ACT (ADA)
935452,12/12/2018,RESPONDING TO PEOPLE IN CRISIS-INTRODUCTION TO CIT VIDEO SERIES
935452,10/11/2018,DETECTIVE BUREAU 2018 INTAC TACTICAL VILLAGE
935452,9/25/2018,RAISE THE AGE
935452,8/30/2018,FTS - ANNUAL CEW RECERTIFICATION
935452,8/16/2018,DETECTIVE BUREAU RETRIEVING BODY WORN CAMERA DATA
935452,6/22/2018,CLT-LEGAL ISSUES
935452,6/22/2018,FTS - CEW X26P HOLSTER TRAINING AND DISTRIBUTION
935452,6/12/2018,FTS - CEW X26P HOLSTER TRAINING AND DISTRIBUTION
935452,6/11/2018,CLT-OCCUPATIONAL-WORKPLACE SAFETY AND HEALTH
935452,6/8/2018,CLT-OCCUPATIONAL-WORKPLACE SAFETY AND HEALTH
935452,6/7/2018,COMMUNICATIONS- THE PROPER USAGE OF THE IDA RADIO CODES
935452,5/16/2018,CLT-PROCEDURAL OPERATIONS
935452,5/7/2018,CLT-OCCUPATIONAL-WORKPLACE SAFETY AND HEALTH
935452,5/4/2018,CLT-OCCUPATIONAL-WORKPLACE SAFETY AND HEALTH
935452,4/30/2018,CLT-OCCUPATIONAL-WORKPLACE SAFETY AND HEALTH
935452,4/19/2018,CRISIS INTERVENTION TEAM TRAINING
935452,4/4/2018,CLT-DOCUMENTATION AND FORMS
935452,3/27/2018,CLT-DOCUMENTATION AND FORMS
935452,3/16/2018,LEGAL BUREAU PERFORMANCE METRICS - PROHIBITED CONDUCT
935452,3/7/2018,CLT-DOCUMENTATION AND FORMS
935452,2/23/2018,CPS FAIR AND IMPARTIAL POLICING - ALL POS AND DETS
935452,1/31/2018,COLLABORATIVE POLICING- FOREIGN LANGUAGE CERTIFICATION VIDEO
935452,1/31/2018,COUNTERTERRORISM ACTIVE SHOOTER TRAINING
935452,12/20/2017,COBALT
935452,12/15/2017,2017-2019 IN-SERVICE CYCLE-INVESTIGATIVE ENCOUNTERS-SUPERVISOR TRAINING WITHOUT SCENARIOS
935452,12/13/2017,DETECTIVE BUREAU HOMICIDE INVESTIGATORS COURSE
935452,12/6/2017,"CPS INTERIOR PATROL OF HOUSING AUTHORITY BUILDINGS, PG 212-60 ROLL CALL VIDEO 2"
935452,12/6/2017,CPS INTERIOR PATROL TRESPASS AFFIDAVIT PROGRAM (TAP) VIDEO 2
935452,12/1/2017,DAS OVERLAPPING LAYERS TUTORIAL
935452,12/1/2017,NARCAN NASAL SPRAY TRAINING
935452,11/29/2017,NARCAN NASAL SPRAY TRAINING
935452,10/23/2017,BTK (BELT TRAUMA KIT DISTRIBUTION AND FAMILIARIZATION)
935452,10/12/2017,FTS - ANNUAL CEW RECERTIFICATION
935452,10/6/2017,COLLABORATIVE POLICING- ACCESSING TELEPHONIC INTERPRETERS VIA LANGUAGE LINE
935452,10/6/2017,"CPS INTERIOR PATROL OF HOUSING AUTHORITY BUILDINGS, PG 212-60 ROLL CALL VIDEO 1"
935452,10/6/2017,"CPS INTERIOR PATROL OF HOUSING AUTHORITY BUILDINGS, PG 212-60 ROLL CALL VIDEO 2"
935452,10/6/2017,CPS INTERIOR PATROL TRESPASS AFFIDAVIT PROGRAM (TAP) VIDEO 1
935452,10/6/2017,CPS INTERIOR PATROL TRESPASS AFFIDAVIT PROGRAM (TAP) VIDEO 2
935452,10/2/2017,CRIMINAL JUSTICE REFORM ACT ROLL CALL TRAINING PART 1
935452,10/2/2017,CRIMINAL JUSTICE REFORM ACT ROLL CALL TRAINING PART 2
935452,10/2/2017,INFORMATION SECURITY AWARENESS TRAINING
935452,10/2/2017,POLICE COMMISSIONERS MESSAGE - VICTIMS OF SEXUAL ASSAULT VIDEO
935452,9/21/2017,PATROL- POLYCARBONATE SHIELD
935452,8/15/2017,PERSONNEL BUREAU NYPD EMPLOYEE ASSISTANCE UNIT (EAU)
935452,6/7/2017,COUNTER TERRORISM INITIAL PATROL RESPONSE TO AN ACTIVE SHOOTER
935452,6/1/2017,2016-17 INSERVICE CYCLE-PHYSICAL TACTICS
935452,5/23/2017,CRIMINAL JUSTICE REFORM ACT ROLL CALL TRAINING PART 2
935452,5/22/2017,CRIMINAL JUSTICE REFORM ACT ROLL CALL TRAINING PART 1
935452,2/15/2017,FUNDAMENTALS OF AUTO THEFT INVESTIGATION
935452,2/7/2017,EQUAL EMPLOYMENT OPPORTUNITY TRANSGENDER DIVERSITY AND INCLUSION:EXECUTIVE ORDER 16
935452,11/29/2016,SERGEANTS DEVELOPMENT COURSE
935452,11/28/2016,HATE CRIMES AND BIAS-RELATED INCIDENTS
935452,11/23/2016,X26P TRANSITION COURSE FOR CURRENT X26 END-USER TRAINING
935452,9/20/2016,FAQ: HOW TO SYNC YOUR DEPARTMENT SMARTPHONE
935452,9/20/2016,INVESTIGATIVE ENCOUNTERS-VIDEO #1 REQUEST FOR INFO-UNIT TRAINING FEB 2016
935452,9/20/2016,INVESTIGATIVE ENCOUNTERS-VIDEO #3 TERRY STOPS AND REASONABLE SUSPICION-UNIT TRAINING JUNE 2016
935452,9/20/2016,INVESTIGATIVE ENCOUNTERS-VIDEO #4 DOCUMENTATION AND SUPERVISION-UNIT TRAINING JULY 2016
935452,9/20/2016,PUBLIC CONTACT AND CONSENT TO SEARCH (RIGHT TO KNOW) - UNIT TRAINING AUGUST 2016
935452,9/19/2016,LESS LETHAL TRAINING (X26 TASER)
935452,9/15/2016,SERGEANT BASIC LEADERSHIP COMPUTER COURSE
935452,9/14/2016,SRG- COMMAND POST OPERATIONS
935452,9/6/2016,FORCE POLICY REVISION-VIDEO-PG 221-UNIT TRAINING MAY 2016
935452,9/6/2016,INVESTIGATIVE ENCOUNTERS-VIDEO #2 COMMON LAW RIGHT OF INQUIRY-UNIT TRAINING MAY 2016
935452,6/27/2016,20K TRAINING INITIATIVE - PHYSICAL TACTICS
935452,3/24/2016,DETECTIVE BUREAU PROFESSIONAL DEVELOPMENT SEMINAR
935452,3/24/2016,FORCE POLICY REVISION-PAMPHLET - PG 221 - UNIT TRAINING DECEMBER 2015
935452,11/9/2015,EMERGENCY VEHICLE OPERATION JULY 03 - JUNE 07
935452,11/9/2015,FIELD TRAINING PROGRAM JULY 03 - JUNE 07
935452,11/9/2015,PHYSICAL EDUCATION PART 1: FOUNDATIONS OF PHYSICAL FITNESS
935452,11/9/2015,PHYSICAL EDUCATION PART 2: DEFENSIVE TACTICS
935452,11/9/2015,PHYSICAL EDUCATION PART 3: AMERICAN HEART ASSOCIATION BASIC LIFE SUPPORT
935452,11/9/2015,POLICE CRISIS INTERVENTION JULY 03 - JUNE 07
935452,11/9/2015,POLICE FIELD PROBLEMS JULY 03 - JUNE 07
935452,11/9/2015,POLICE INVESTIGATION AND REPORTING JULY 03 - JUNE 07
935452,11/9/2015,POLICING A DEMOCRACY JULY 03 - JUNE 07
935452,11/9/2015,POLICING SPECIAL POPULATIONS JULY 03 - JUNE 07
935452,11/9/2015,PROCEDURAL LAW JULY 03 - JUNE 07
935452,11/9/2015,SUBSTANTIVE LAW JULY 03 - JUNE 07
935452,11/9/2015,TERRORISM AWARENESS AND RESPONSE JULY 03 - JUNE 07
935452,10/19/2015,WINDOWS PHONE TRAINING AND DISTRIBUTION
935452,11/11/2013,CRIMINAL INVESTIGATORS COURSE
935452,12/4/2012,FUNDAMENTALS OF AUTO THEFT INVESTIGATION
935452,3/29/2011,PROPERTY EVIDENCE TRACKING SYSTEM
935452,6/23/2010,DIGNITARY PROTECTION COURSE
935452,1/28/2009,HIGHWAY PRELIMINARY BREATH TEST INSTRUMENT TRAINING - PBT
935452,8/19/2008,PLAIN CLOTHES TRAINING CERTIFIED BASIC PLAIN-CLOTHES COURSE
935452,2/16/2006,COBRA - COHORT TRAINING
935452,7/1/2004,12 PASSENGER VAN / UTILITY VEHICLE QUALIFICATION
935452,7/1/2004,FOUR WHEEL DRIVE TRAINING
935452,7/1/2004,THREE WHEEL SCOOTER CERTIFIED
935452,,BICYCLE TRAINING (3-DAY)
935452,,FOUR WHEEL DRIVE TRAINING
935452,,RECRUIT 12 PASSENGER VAN / UTILITY VEHICLE QUALIFICATION
935452,,RECRUIT RMP QUALIFICATION / RMP OPERATOR QUALIFIED
935452,,TWO WHEEL SCOOTER (WITH TACTICS) CERTIFIED
942749,7/3/2025,SPECIAL VICTIMS UNIT - BEST PRACTICES GUIDE TRAINING
942749,7/2/2025,CLT-DOMESTIC VIOLENCE TRAINING
942749,6/15/2025,2025 BWC PROFICIENCY TRAINING
942749,6/11/2025,EAU 2025 POLICE COMMISSIONER JESSICA S. TISCH
942749,6/2/2025,CLT-DOMESTIC VIOLENCE TRAINING
942749,6/2/2025,CLT-OCCUPATIONAL-WORKPLACE SAFETY AND HEALTH
942749,5/28/2025,CLT-DOMESTIC VIOLENCE TRAINING
942749,5/28/2025,CLT-PROCEDURAL OPERATIONS
942749,5/28/2025,SQF REVIEW AND DOCUMENTATION: SQF MODULE 10
942749,5/22/2025,2025 EQUAL EMPLOYMENT OPPORTUNITY TRAINING - SEXUAL HARASSMENT AWARENESS AND PREVENTION
942749,5/13/2025,CLT-ENFORCEMENT ACTIONS
942749,5/8/2025,CLT-ENFORCEMENT ACTIONS
942749,5/2/2025,CLT-OCCUPATIONAL-WORKPLACE SAFETY AND HEALTH
942749,4/22/2025,CLT-ENFORCEMENT ACTIONS
942749,4/18/2025,CLT-OCCUPATIONAL-WORKPLACE SAFETY AND HEALTH
942749,4/4/2025,CLT-PROCEDURAL OPERATIONS
942749,4/2/2025,CLT-DOMESTIC VIOLENCE TRAINING
942749,1/26/2025,RIGHT TO KNOW ACT SQF MODULE 9
942749,1/23/2025,VEHICLE PURSUITS
942749,1/8/2025,2025 IDENTIFYING THE IMPAIRED DRIVER REFRESHER
942749,1/8/2025,ACTIVE SHOOTER - SCHOOL RESPONSE PROTOCOL
942749,1/8/2025,KEVIN AND AVONTE SAFE HOME PROGRAM
942749,12/21/2024,CELL BLOCK FIRESHIELD EV BLANKETS
942749,12/21/2024,MULTI-FACTOR AUTHENTICATION MFA TRAINING
942749,12/12/2024,INFORMATION SECURITY AWARENESS TRAINING 2024
942749,12/10/2024,NOTIFICATION OF ALLEGATIONS AND EMPLOYEE RIGHTS
942749,11/22/2024,BEHAVIORAL HEALTH EMERGENCY ASSISTANCE RESPONSE DIVISION B-HEARD
942749,11/16/2024,DRIVING WHILE INTOXICATED AWARENESS VIDEO MODULE 1
942749,11/16/2024,LEAVING THE SCENE COLLISIONS INVESTIGATIVE BEST PRACTICES
942749,10/4/2024,FAMILY BUILDING
942749,10/4/2024,NORTHWELL DIRECT FINEST CARE PROGRAM FOR UMOS
942749,9/5/2024,RACIAL PROFILING AND BIASED BASED POLICING: SQF MODULE 8
942749,8/30/2024,RAPE IS RAPE
942749,8/13/2024,UNMANNED AIRCRAFT SYSTEMS VISUAL OBSERVER
942749,8/8/2024,FTS - ANNUAL CEW RECERTIFICATION
942749,8/2/2024,APX NEXT PORTABLE AND RADIO DISCIPLINE TRAINING VIDEO
942749,7/7/2024,MENTAL HEALTH INVOLUNTARY REMOVALS MHL 9.41 AND MHL 9.58
942749,6/23/2024,LEVEL 1 AND LEVEL 2 INVESTIGATIVE ENCOUNTERS
942749,6/1/2024,TACTICS WHEN ENGAGING INDIVIDUALS IN A MENTAL HEALTH CRISIS
942749,5/17/2024,ACCURATE COMPLAINT REPORT CLASSIFICATION
942749,5/4/2024,ASSISTING SURVIVORS OF SEXUAL BASED VIOLENCE WITH ACCESS TO RESOURCES
942749,5/4/2024,DRIVE SMART 2024
942749,4/30/2024,2024 EQUAL EMPLOYMENT OPPORTUNITY TRAINING - SEXUAL HARASSMENT AWARENESS AND PREVENTION
942749,4/30/2024,HOUSING BUREAU INTERIOR PATROL TACTICS
942749,4/13/2024,POLICING THE SUBWAY 2024
942749,3/21/2024,2024 VEHICLE SEIZURE FORM REFRESHER
942749,3/21/2024,NYCHA INTERIOR PATROL: SQF MODULE 7
942749,3/5/2024,EMPLOYEE ASSISTANCE UNIT (E.A.U.) IS HERE FOR YOU- 2024
942749,1/18/2024,AUTISM SPECTRUM DISORDER
942749,1/2/2024,LGBTQIA PLUS - DIVERSITY AND INCLUSION
942749,1/2/2024,"POSSESSION OR INGESTION OF ANABOLIC STEROIDS, HUMAN GROWTH HORMONE, AND NUTRITIONAL SUPPLEMENTS"
942749,12/20/2023,INVESTIGATIVE ENCOUNTERS SUMMARY: SQF MODULE 6
942749,12/20/2023,OPIOID DANGERS- FENTANYL AND CARFENTANIL
942749,11/16/2023,AUGMENTED REALITY FEATURE
942749,11/9/2023,ELDER ABUSE -2023 REFRESHER
942749,11/8/2023,CLT-TACTICAL AWARENESS AND OFFICER SAFETY
942749,10/24/2023,CLT-PROCEDURAL OPERATIONS
942749,10/22/2023,INVESTIGATIVE ENCOUNTERS 2023: MODULE 5 SQF LEVELS 3 AND 4
942749,10/17/2023,NYPD RECRUITMENT TRAINING VIDEO
942749,10/11/2023,CLT-INFORMATION TECHNOLOGY
942749,10/6/2023,FTS - ANNUAL CEW RECERTIFICATION
942749,10/4/2023,INFORMATION SECURITY AWARENESS TRAINING - 2023
942749,10/4/2023,VEHICLE MOUNTED VIDEO SYSTEM
942749,9/29/2023,EFFECTIVE COMMUNICATION SKILLS - DEAF OR HARD OF HEARING
942749,8/24/2023,NYPD JOUVERT AND WEST INDIAN DAY-2023
942749,8/6/2023,2023 SUMMER ALL-OUT BODY WORN CAMERA TRAINING
942749,8/6/2023,UNMANNED AIRCRAFT PERMIT: DRONES FOR PUBLIC USE
942749,7/25/2023,TRAFFIC COURT TESTIMONY VIDEO
942749,5/25/2023,CLT-PARK SMART ROLLCALL PRESENTATION
942749,5/20/2023,"INVESTIGATIVE ENCOUNTERS 2023: MODULE 4 SQF LEVELS 2, 3 AND 4"
942749,4/28/2023,2023 EQUAL EMPLOYMENT OPPORTUNITY TRAINING-SEXUAL HARASSMENT AWARENESS AND PREVENTION
942749,4/14/2023,2023 LANGUAGE MATTERS - FOSTERING A POSITIVE WORK ENVIRONMENT
942749,4/9/2023,INVESTIGATIVE ENCOUNTERS 2023: MODULE 3 SQF LEVEL 2
942749,3/26/2023,ESPER POLICY LIBRARY
942749,2/22/2023,INFORMATION SECURITY CRIMINAL JUSTICE TRAINING 2023
942749,2/9/2023,CLT- RESPONDING TO COMMERCIAL ROBBERIES 2023
942749,1/25/2023,NYPD-U VOLUNTARY - INVOLUNTARY TRANSPORTS
942749,1/20/2023,RAISING THE LOWER AGE OF JUVENILE DELINQUENCY
942749,1/7/2023,INVESTIGATIVE ENCOUNTERS 2023: MODULE 2 SQF LEVEL 1
942749,1/2/2023,CLT-VOLUNTARY - INVOLUNTARY TRANSPORTS
942749,12/14/2022,INVESTIGATIVE ENCOUNTERS 2023 - MODULE 1 INTRODUCTION TO SQF
942749,11/22/2022,CLT-EQUAL EMPLOYMENT OPPORTUNITY
942749,11/22/2022,VIDEO 1 - PATROLLING THE NYC SUBWAY SYSTEM 2022
942749,11/22/2022,VIDEO 2 -TACTICAL CONSIDERATIONS FOR TRANSIT PATROL 2022 (PART 1)
942749,11/22/2022,VIDEO 3 - TACTICAL CONSIDERATIONS FOR TRANSIT PATROL 2022 (PART 2)
942749,11/22/2022,VIDEO 4 - PLATFORM SAFETY 2022
942749,11/8/2022,LGBTQIA PLUS AWARENESS
942749,10/28/2022,PROCESSING CIVILIAN COMPLAINTS
942749,10/4/2022,BELT-WORN TRAUMA KIT REFRESHER TRAINING VIDEO-2022
942749,9/15/2022,FTS - ANNUAL CEW RECERTIFICATION
942749,9/12/2022,THE EMPLOYEE ASSISTANCE UNIT (EAU) IS HERE FOR YOU
942749,8/29/2022,NYPD JOUVERT  WEST INDIAN DAY
942749,7/7/2022,2022 EQUAL EMPLOYMENT OPPORTUNITY TRAINING-SEXUAL HARASSMENT AWARENESS AND PREVENTION
942749,7/7/2022,CONVICTED OFFENDER DNA DATABANK SPECIMEN COLLECTION KIT
942749,7/7/2022,VEHICLE SEIZURE FORM
942749,6/17/2022,CAR STOP TACTICS FOR PATROL OFFICERS - MODULE 1: CONTROLLING THE STOP
942749,6/17/2022,CAR STOP TACTICS FOR PATROL OFFICERS - MODULE 2: PROHIBITED MANEUVERS
942749,6/17/2022,CAR STOP TACTICS FOR PATROL OFFICERS - MODULE 3: THE UNKNOWN RISK STOP
942749,6/17/2022,CAR STOP TACTICS FOR PATROL OFFICERS - MODULE 4: THE HIGH-RISK STOP
942749,6/14/2022,CLT-NIBRS ROLL CALL TRAINING
942749,6/6/2022,BEST PRACTICES IN STRUCTURED INTERVIEWING
942749,6/6/2022,NATIONAL INCIDENT-BASED REPORTING SYSTEM (NIBRS) UPDATES TO THE OMNIFORM COMPLAINT SYSTEMV
942749,5/27/2022,PROHIBITED METHODS OF RESTRAINT
942749,5/2/2022,"INTEGRATING COMMUNICATION, ASSESSMENT AND TACTICS (ICAT) MODULE 5"
942749,3/11/2022,CLT-DOCUMENTATION AND FORMS
942749,3/4/2022,CHILD SENSITIVE ARREST POLICY GUIDELINES AND PROCEDURES
942749,3/3/2022,"INTEGRATING COMMUNICATION, ASSESSMENT AND TACTICS (ICAT) MODULE 4"
942749,2/28/2022,ILERSBA - INITIAL LAW ENFORCMENT RESPONSE TO SUICIDE BOMBING ATTACKS
942749,2/24/2022,CONTERTERRORISM BUREAU SITE PROTECTION THROUGH OBSERVATIONAL TECHNIQUES
942749,2/11/2022,"AXON BODY-WORN CAMERA TRAINING - CAMERA OPERATION, AXON VIEW AND EVIDENCE.COM (REQUIRED FOR LE4 COMM"
942749,2/3/2022,"INTEGRATING COMMUNICATION, ASSESSMENT AND TACTICS (ICAT) MODULE 3"
942749,1/27/2022,ILLEGAL EVICTIONS
942749,1/26/2022,CLT-EPERMIT SYSTEM
942749,1/25/2022,ADVANCED EXPLOSIVE TRACE DETECTION COURSE
942749,1/13/2022,IDENTIFYING THE IMPAIRED DRIVER
942749,1/13/2022,LOCAL LAW 45 OF 2021-TRAFFIC ENCOUNTERS
942749,1/5/2022,CLT-BWC POLICY UPDATES
942749,1/5/2022,CLT-EJUSTICE ORDER OF PROTECTION SEARCH
942749,12/6/2021,CLT-PROCEDURAL OPERATIONS
942749,11/10/2021,"INTEGRATING COMMUNICATION, ASSESSMENT AND TACTICS (ICAT) MODULE 2"
942749,10/30/2021,ARRESTS - RELIGIOUS HEAD COVERING GUIDELINES (PG 208-83)
942749,10/28/2021,CLT-COMMUNITY ENGAGEMENT
942749,10/13/2021,BODY-WORN CAMERA REVIEW PART TWO
942749,10/13/2021,"INTEGRATING COMMUNICATION, ASSESSMENT AND TACTICS (ICAT) MODULE 1"
942749,10/12/2021,BALLISTIC VEST DISTRIBUTION PROGRAM
942749,10/1/2021,NEIGHBORHOOD POLICING APPLICATION TRAINING VIDEO
942749,9/29/2021,NEIGHBORHOOD POLICING APPLICATION: POLICE OFFICERS AND DETECTIVE 1 DAY COURSE
942749,9/23/2021,BODY-WORN CAMERA REVIEW PART ONE
942749,9/14/2021,INFORMATION SECURITY AWARENESS TRAINING 2021
942749,9/14/2021,MAYOR EXECUTIVE ORDER 78 VACCINATION - TESTING COMPLIANCE POLICY
942749,9/14/2021,OPIOID OVERDOSE RECOGNITION AND NARCAN ADMINISTRATION -2021
942749,8/24/2021,ACTIVE BYSTANDERSHIP FOR LAW ENFORCEMENT (ABLE): ONE DAY COURSE
942749,8/3/2021,EQUAL EMPLOYMENT OPPORTUNITY TRAINING - SEXUAL HARASSMENT AWARENESS AND PREVENTION 2021
942749,7/28/2021,FTS - ANNUAL CEW RECERTIFICATION
942749,7/1/2021,COUNTER TERRORISM VEHICLE SCREENING AND CHECKPOINT COURSE
942749,6/2/2021,OVERVIEW OF THE NEW DISCOVERY LAWS 2021 REFRESHER
942749,5/13/2021,PATROL GUIDE 215-17 POLICE ACTIONS RELATED QUESTIONING ARRESTS AND INVESTIGATIONS AT A NYC DEPARTMEN
942749,4/23/2021,BALLISTIC VEST MEASUREMENT PROGRAM
942749,4/20/2021,EMPLOYEE ASSISTANCE UNIT-2021
942749,4/16/2021,EQUAL EMPLOYMENT OPPORTUNITY TRAINING - LGBTQIA+ DIVERSITY AND INCLUSION / EXECUTIVE ORDER 16 OF 201
942749,3/9/2021,DESK APPEARANCE TICKETS: THE NEW LAW AND THE NEW GUIDELINES FOR PROCESSING DAT'S - 2021 REFRESHER
942749,2/16/2021,"CUSTOMER SERVICE PROGRAM:  ROLL CALL MODULE 2, COMMUNICATION SKILLS"
942749,2/15/2021,CLT-LEGAL ISSUES
942749,2/15/2021,CUSTOMER SERVICE PROGRAM: HOW DID WE DO
942749,2/10/2021,"CUSTOMER SERVICE PROGRAM:  ROLL CALL MODULE 1, INTRODUCTION TO PRECINCT GREETER PROGRAM"
942749,1/22/2021,CUSTOMER SERVICE PROGRAM: HOW DID WE DO
942749,1/21/2021,COVID VACCINE DISTRIBUTION AND EDUCATION
942749,12/1/2020,EQUAL EMPLOYMENT OPPORTUNITY TRAINING - LEAVE TO EXPRESS BREAST MILK
942749,11/27/2020,FTS - ANNUAL CEW RECERTIFICATION
942749,9/4/2020,CONSTITUTIONAL POLICING AT COMMUNITY EVENTS (CPACE)
942749,7/14/2020,EXECUTIVE HEALTH AND WELLNESS TRAINING - MODULE 3
942749,7/10/2020,HEALTH AND WELLNESS SECTION - MODULE 14 - FINANCIAL WELLNESS PART 1
942749,7/9/2020,HEALTH AND WELLNESS SECTION - MODULE 13 - MINDFULNESS
942749,7/2/2020,NEW LAWS AFFECTING POLICE OFFICERS’ CRIMINAL AND CIVIL LIABILITY
942749,6/30/2020,"EQUAL EMPLOYMENT OPPORTUNITY TRAINING - SEXUAL HARASSMENT, AWARENESS AND PREVENTION"
942749,6/26/2020,HEALTH AND WELLNESS SECTION - MODULE 12 - IN THAT DARK PLACE - AN OFFICER'S JOURNEY
942749,6/26/2020,VICTIM BLAMING AND RELEASE OF INFORMATION TO THE MEDIA
942749,6/19/2020,CLT-SPECIAL POPULATIONS
942749,6/14/2020,HEALTH AND WELLNESS SECTION - MODULE 1 - PSYCHOLOGICAL HEALTH AND WELLNESS
942749,6/14/2020,HEALTH AND WELLNESS SECTION - MODULE 10 - SEEKING AND RECEIVING MENTAL HEALTH SUPPORT
942749,6/14/2020,HEALTH AND WELLNESS SECTION - MODULE 11 - HEALTH AND RESILIENCY
942749,6/14/2020,HEALTH AND WELLNESS SECTION - MODULE 2 - JOB COUNSELING AND STRESS
942749,6/14/2020,HEALTH AND WELLNESS SECTION - MODULE 3 - WARNING SIGNS
942749,6/14/2020,HEALTH AND WELLNESS SECTION - MODULE 4 - CUMULATIVE TRAUMA
942749,6/14/2020,HEALTH AND WELLNESS SECTION - MODULE 5 - GAINING PERSPECTIVE
942749,6/14/2020,HEALTH AND WELLNESS SECTION - MODULE 6 - COPING WITH SIGNS OF ANXIETY DEPRESSION
942749,6/14/2020,HEALTH AND WELLNESS SECTION - MODULE 7 - LEADING WITH COMPASSION
942749,6/14/2020,"HEALTH AND WELLNESS SECTION - MODULE 8 - WARNING SIGNS, SUPPORT AND OUTREACH"
942749,6/14/2020,HEALTH AND WELLNESS SECTION - MODULE 9 - MANAGING STRESS ON THE JOB
942749,5/26/2020,COMMUNITY AFFAIRS - CONNECTING WITH YOUTH DURING COVID - 19
942749,5/26/2020,COVID-19: PREPAREDNESS YOUR FAMILY AND HOME
942749,5/14/2020,COVID-19: PREPAREDENESS
942749,5/14/2020,COVID-19: PROTECTIVE MASKS
942749,5/5/2020,SAFETY CONSIDERATIONS FOR PATROLLING THE NYC SUBWAY SYSTEM -DANGERS OF THE PLATFORM EDGE
942749,2/17/2020,UTILIZING BALLISTIC PROTECTION IN DEPARTMENT VEHICLES (4:09)
942749,2/14/2020,CRIMINAL JUSTICE BUREAU - GIGLIO MATERIAL DISCLOSURES UNDER THE NEW DISCOVERY LAWS
942749,2/12/2020,FTS - TACTICAL TRAINING CENTER CAD - SESSION 2
942749,1/31/2020,CPS FAIR AND IMPARTIAL POLICING - ALL POS AND DETS
942749,1/16/2020,ACTIVITY LOG FOR IPHONE COMMAND - UNIT TRAINING
942749,1/7/2020,PROCESSING DISCOVERY MATERIAL IN THE FORMS ARREST FOLDER
942749,1/3/2020,CROSSFIRE MITIGATION DURING CLOSE COMBAT INCIDENTS - PART 2
942749,1/2/2020,ACTIVITY LOG FOR IPHONE COMMAND - UNIT TRAINING
942749,12/28/2019,SAFEGUARDING HOSPITALIZED PRISONERS
942749,12/19/2019,CROSSFIRE MITIGATION DURING CLOSE COMBAT INCIDENTS
942749,12/4/2019,ACTIVITY LOG FOR IPHONE
942749,12/4/2019,CJB - DESK APPEARANCE TICKETS: THE NEW LAWS AND GUIDELINES FOR PROCESSING DATS
942749,12/4/2019,CJB - OVERVIEW OF THE NEW DISCOVERY LAWS
942749,12/4/2019,INCREASE OFFICER SAFETY DURING VEHICLE STOPS
942749,12/4/2019,RESPONDING TO COMMERCIAL ROBBERIES PART LL - MODULE 1 AND MODULE 2
942749,12/4/2019,SUCCESSFULLY DISARMING AN EMOTIONALLY DISTURBED PERSON
942749,12/3/2019,FTS - TACTICAL TRAINING CENTER CAD - SESSION 2
942749,11/20/2019,DISCHARGING YOUR FIREARM AT A MOVING THREAT
942749,11/8/2019,"HME - HOMEMADE EXPLOSIVES: AWARENESS, RECOGNITION, AND RESPONSE"
942749,10/22/2019,EXECUTIVE HEALTH AND WELLNESS CONFERENCE - MODULE 1
942749,10/22/2019,EXECUTIVE HEALTH AND WELLNESS TRAINING - MODULE 2
942749,10/17/2019,PRISONER ESCAPE WARNING SIGNS
942749,10/16/2019,CRIMINAL JUSTICE BUREAU - DNA TRAINING VIDEO
942749,10/16/2019,FORCE POLICY UPDATE VIDEO
942749,10/16/2019,MARIJUANA POLICY UPDATE
942749,10/16/2019,SHIELD OF RESILIENCE TRAINING COURSE
942749,10/14/2019,CLT-PROFESSIONAL DEVELOPMENT
942749,10/3/2019,CRITICAL DECISION MAKING MODEL
942749,9/27/2019,COMMAND LEVEL TRAINING
942749,9/19/2019,CLT-COUNTERTERRORISM AND INTELLIGENCE
942749,9/19/2019,CLT-ENFORCEMENT ACTIONS
942749,9/19/2019,CLT-SPECIAL POPULATIONS
942749,9/6/2019,SHIELD OF RESILIENCE TRAINING COURSE
942749,9/5/2019,CLT-COUNTERTERRORISM AND INTELLIGENCE
942749,9/5/2019,CLT-PROCEDURAL OPERATIONS
942749,9/5/2019,CLT-SPECIAL POPULATIONS
942749,9/4/2019,DOMESTIC VIOLENCE EDUCATION AND COUNSELING
942749,9/3/2019,SHIELD OF RESILIENCE TRAINING COURSE
942749,8/29/2019,CPS BODY-WORN CAMERA TRAINING WITH SCENARIOS
942749,8/27/2019,CRITICAL INCIDENT TACTICS - RESPONDING TO COMMERCIAL ROBBERIES (EXTENDED VERSION)
942749,8/27/2019,DISCUSSION - BASED LEARNING MODULE # 1-3
942749,8/27/2019,INFORMATION SECURITY AWERENESS TRAINING 2019
942749,8/27/2019,RESPONDING TO COMMERCIAL ROBBERIES
942749,7/22/2019,2017-2019 IN-SERVICE CYCLE-INVESTIGATIVE ENCOUNTERS- BASIC TRAINING WITH SCENARIOS
942749,7/9/2019,TRANSIT BUREAU - SAFETY CONSIDERATIONS FOR PATROLLING THE NYC SUBWAY SYSTEM
942749,7/9/2019,TRANSIT BUREAU - SAFETY CONSIDERATIONS FOR PATROLLING THE NYC SUBWAY SYSTEM - PART 2
942749,7/8/2019,FTS - ANNUAL CEW RECERTIFICATION
942749,7/8/2019,FTS - SMITH AND WESSON MODEL 5946 BARREL REMEDIATION
942749,6/25/2019,RESPONDING TO PEOPLE IN CRISIS – MODULE 4: USING DEPARTMENT MOBILE DIGITAL DEVICES
942749,6/7/2019,WORLDPRIDE NYC 2019
942749,5/27/2019,COLLABORATIVE POLICING - MEDIATION REFERRAL PROGRAM FOR NON-CRIMINAL COMPLAINTS
942749,5/21/2019,AIM COMPONENTS 2.0
942749,5/21/2019,AIM REGISTRATION AND SYNCHRONIZATION 2.0
942749,5/21/2019,DEATH BY POWERPOINT
942749,5/21/2019,"EXECUTIVE CONFERENCE VIDEO 10-17-18: DISCUSSION WITH INDRA NOOYI, CHAIRMAN OF PEPSI CO"
942749,5/21/2019,"EXECUTIVE CONFERENCE VIDEO 10-17-18: INTELLIGENT LEADERSHIP: GEORGE TENET, FORMER (DIRECTOR OF CENTR"
942749,5/21/2019,EXECUTIVE CONFERENCE VIDEO 10-17-18: LEADERSHIP ON AND OFF THE BATTLEFIELD: GENERAL JOHN R. ALLEN (P
942749,5/21/2019,EXECUTIVE CONFERENCE VIDEO 10-17-18: MAKING IT REAL-GETTING FROM HERE TO THERE TOGETHER - DR SCOTT L
942749,5/21/2019,FORCE POLICY REVISION-VIDEO-PG 221-UNIT TRAINING MAY 2016
942749,5/21/2019,NEW NYPD PORTAL
942749,5/21/2019,POLICE COMMISSIONER MESSAGE- NYC GIVES
942749,5/21/2019,STOP REPORT
942749,5/20/2019,COLLABORATIVE POLICING- HUMAN TRAFFICKING
942749,5/20/2019,COUNTERTERRORISM ACTIVE SHOOTER TRAINING
942749,5/20/2019,COUNTERTERRORISM BUREAU FACILITY AWARENESS VIDEO-EMPIRE STATE BUILDING
942749,5/20/2019,DETECTIVE BUREAU RETRIEVING BODY WORN CAMERA DATA
942749,5/20/2019,FACILITIES MANAGEMENT DIVISION - MUNICIPAL SEPERATE STORM SEWER SYSTEM (MS4)
942749,5/20/2019,TRAINING MATERIALS- VIRTUAL CRIME INFORMATION CENTER
942749,5/20/2019,TRANSIT BUREAU - TIMELY RESUMPTION OF SERVICE IN NYC TRANSIT
942749,5/17/2019,COUNTERTERRORISM BUREAU ACTIVE SHOOTER SCHOOL INCIDENTS AWARENESS
942749,5/17/2019,COUNTERTERRORISM BUREAU FACILITY AWARENESS VIDEO- TIME WARNER BUILDING
942749,5/17/2019,"COUNTERTERRORISM BUREAU FACILITY AWARENESS- THE INTREPID SEA, AIR AND SPACE MUSEUM"
942749,5/17/2019,COUNTERTERRORISM BUREAU NH15 TRAINING
942749,5/17/2019,CRIME CONTROL STRATEGIES- COMMUNITY SUPERVISION
942749,5/17/2019,DAS OVERLAPPING LAYERS TUTORIAL
942749,5/17/2019,LOCATING APPLE DEVICES USING YOUR DEPARTMENT SMARTPHONE
942749,5/17/2019,NEW YEAR'S EVE TACTICAL AWARENESS
942749,5/17/2019,TACTICAL AWARENESS OF EXCITED DELIRIUM SYNDROME
942749,5/17/2019,TACTICAL AWARENESS- BALLISTIC VEST
942749,5/17/2019,TRAINING MATERIALS- CLOSING THE GAP ON VEHICLE INTELLIGENCE
942749,5/17/2019,TRAINING MATERIALS- PAWNSHOP AND 2ND HAND DEALER DATABASE
942749,5/17/2019,TRAINING MATERIALS- THE RECIDIVIST TRACKING AND REPORTING DATABASE (RTRD)
942749,5/16/2019,BELT TRAUMA KIT VIDEO
942749,5/16/2019,COUNTERTERRORISM U.A.S. (UNMANNED AIRCRAFT SYSTEMS) DRONE AWARENESS
942749,5/15/2019,COLLABORATIVE POLICING - THE DEAF AND HARD OF HEARING COMMUNITY
942749,4/22/2019,RESPONDING TO PEOPLE IN CRISIS - MODULES 2 AND 3: ACTIVE LISTENING PARTS 1 AND 2
942749,4/17/2019,CLT-INVESTIGATIONS
942749,4/2/2019,LEGAL BUREAU - PERJURY TRAINING MODULE
942749,4/1/2019,SAFEGUARDING PRISONERS - OFFICER SAFETY GUIDELINES
942749,3/6/2019,CLT-OCCUPATIONAL-WORKPLACE SAFETY AND HEALTH
942749,3/6/2019,INVESTIGATIVE ENCOUNTERS-VIDEO #1 REQUEST FOR INFO-UNIT TRAINING FEB 2016
942749,3/6/2019,INVESTIGATIVE ENCOUNTERS-VIDEO #2 COMMON LAW RIGHT OF INQUIRY-UNIT TRAINING MAY 2016
942749,3/6/2019,INVESTIGATIVE ENCOUNTERS-VIDEO #3 TERRY STOPS AND REASONABLE SUSPICION-UNIT TRAINING JUNE 2016
942749,3/6/2019,INVESTIGATIVE ENCOUNTERS-VIDEO #4 DOCUMENTATION AND SUPERVISION-UNIT TRAINING JULY 2016
942749,3/6/2019,PUBLIC CONTACT AND CONSENT TO SEARCH (RIGHT TO KNOW) - UNIT TRAINING AUGUST 2016
942749,3/1/2019,CLT-PROCEDURAL OPERATIONS
942749,3/1/2019,CLT-TACTICAL AWARENESS AND OFFICER SAFETY
942749,2/27/2019,CLT-TACTICAL AWARENESS AND OFFICER SAFETY
942749,2/27/2019,COLLABORATIVE POLICING - ELDER ABUSE
942749,2/14/2019,CLT-EQUAL EMPLOYMENT OPPORTUNITY
942749,2/5/2019,"SUPPORT SERVICES DIVISION - CLASS ""C"" OPERATOR"
942749,1/29/2019,PATROL DOOR BAG - ROPE AND WEDGE INTRODUCTION
942749,1/29/2019,TEXT TO 911 - INTRODUCTION
942749,1/15/2019,RESPONDING TO PEOPLE IN CRISIS - MODULE 1: SENDING THE RIGHT SIGNALS
942749,1/7/2019,AMERICANS WITH DISABILITIES ACT (ADA)
942749,1/7/2019,EQUAL EMPLOYMENT OPPORTUNITYTRAINING - SEXUAL HARASSMENT AWARENESS AND PREVENTION
942749,1/7/2019,MARIJUANA BURNING ENFORCEMENT POLICY
942749,10/22/2018,RESPONDING TO PEOPLE IN CRISIS-INTRODUCTION TO CIT VIDEO SERIES
942749,10/16/2018,CLT-ENFORCEMENT ACTIONS
942749,10/5/2018,NYC RIGHT TO KNOW ACT LEGISLATION - PART 2
942749,10/5/2018,NYC RIGHT TO KNOW ACT LEGISLATION – PART 1
942749,9/13/2018,RAISE THE AGE
942749,6/18/2018,COMMUNICATIONS- THE PROPER USAGE OF THE IDA RADIO CODES
942749,5/10/2018,AWARENESS AND RESPONSE TO BIOLOGICAL INCIDENTS
942749,5/4/2018,CLT-LEGAL ISSUES
942749,4/6/2018,CLT-LEGAL ISSUES
942749,4/5/2018,CLT-PROCEDURAL OPERATIONS
942749,4/4/2018,COMMUNITY AFFAIRS NYPD LAW ENFORCEMENT EXPLORER ADVISOR
942749,4/3/2018,CLT-LEGAL ISSUES
942749,2/23/2018,LEGAL BUREAU PERFORMANCE METRICS - PROHIBITED CONDUCT
942749,2/14/2018,CLT-EQUAL EMPLOYMENT OPPORTUNITY
942749,12/18/2017,NEW PERFORMANCE EVALUATION PROCESS
942749,12/18/2017,TACTICAL AWARENESS-SMARTPHONE SAFETY
942749,12/14/2017,COLLABORATIVE POLICING- FOREIGN LANGUAGE CERTIFICATION VIDEO
942749,12/14/2017,NYPD MOBILITY INITIATIVE - DEPARTMENT SMARTPHONE TRAINING
942749,12/13/2017,COUNTER TERRORISM INITIAL PATROL RESPONSE TO AN ACTIVE SHOOTER
942749,11/13/2017,NARCAN NASAL SPRAY TRAINING
942749,10/18/2017,INFORMATION SECURITY AWARENESS TRAINING
942749,9/22/2017,FTS - ANNUAL CEW RECERTIFICATION
942749,9/22/2017,FTS - CEW END USER CERTIFICATION
942749,9/19/2017,COLLABORATIVE POLICING- ACCESSING TELEPHONIC INTERPRETERS VIA LANGUAGE LINE
942749,9/19/2017,COLLABORATIVE POLICING- POLICING IN TODAY’S MULTI-FAITH NY
942749,9/12/2017,POLICE COMMISSIONERS MESSAGE - VICTIMS OF SEXUAL ASSAULT VIDEO
942749,8/29/2017,PATROL- POLYCARBONATE SHIELD
942749,7/14/2017,PERSONNEL BUREAU NYPD EMPLOYEE ASSISTANCE UNIT (EAU)
942749,6/23/2017,"CPS INTERIOR PATROL OF HOUSING AUTHORITY BUILDINGS, PG 212-60 ROLL CALL VIDEO 1"
942749,6/23/2017,"CPS INTERIOR PATROL OF HOUSING AUTHORITY BUILDINGS, PG 212-60 ROLL CALL VIDEO 2"
942749,6/23/2017,CPS INTERIOR PATROL TRESPASS AFFIDAVIT PROGRAM (TAP) VIDEO 1
942749,6/23/2017,CPS INTERIOR PATROL TRESPASS AFFIDAVIT PROGRAM (TAP) VIDEO 2
942749,5/17/2017,EQUAL EMPLOYMENT OPPORTUNITY TRANSGENDER DIVERSITY AND INCLUSION:EXECUTIVE ORDER 16
942749,5/11/2017,CRIMINAL JUSTICE REFORM ACT ROLL CALL TRAINING PART 1
942749,5/11/2017,CRIMINAL JUSTICE REFORM ACT ROLL CALL TRAINING PART 2
942749,2/15/2017,FUNDAMENTALS OF AUTO THEFT INVESTIGATION
942749,1/27/2017,BTK (BELT TRAUMA KIT DISTRIBUTION AND FAMILIARIZATION)
942749,12/21/2016,HATE CRIMES AND BIAS-RELATED INCIDENTS
942749,12/19/2016,X26P TRANSITION COURSE FOR CURRENT X26 END-USER TRAINING
942749,10/17/2016,PUBLIC CONTACT AND CONSENT TO SEARCH (RIGHT TO KNOW) - UNIT TRAINING AUGUST 2016
942749,8/18/2016,FORCE POLICY REVISION-VIDEO-PG 221-UNIT TRAINING MAY 2016
942749,7/21/2016,INVESTIGATIVE ENCOUNTERS-VIDEO #4 DOCUMENTATION AND SUPERVISION-UNIT TRAINING JULY 2016
942749,6/28/2016,INVESTIGATIVE ENCOUNTERS-VIDEO #3 TERRY STOPS AND REASONABLE SUSPICION-UNIT TRAINING JUNE 2016
942749,6/3/2016,2016-17 INSERVICE CYCLE-PHYSICAL TACTICS
942749,5/17/2016,INVESTIGATIVE ENCOUNTERS-VIDEO #2 COMMON LAW RIGHT OF INQUIRY-UNIT TRAINING MAY 2016
942749,4/5/2016,OMNIFORM JUVENILE REPORTING SYSTEM
942749,3/9/2016,FTS - CEW END USER CERT
942749,2/10/2016,TEMPORARY RESTRAINING DEVICE CERTIFICATION
942749,2/10/2016,YOUTH OFFICER TRAINING COURSE
942749,2/5/2016,INVESTIGATIVE ENCOUNTERS-VIDEO #1 REQUEST FOR INFO-UNIT TRAINING FEB 2016
942749,12/4/2015,FORCE POLICY REVISION-PAMPHLET - PG 221 - UNIT TRAINING DECEMBER 2015
942749,12/1/2015,FORCE POLICY REVISION-PAMPHLET - PG 221 - UNIT TRAINING DECEMBER 2015
942749,11/9/2015,EMERGENCY VEHICLE OPERATION JULY 03 - JUNE 07
942749,11/9/2015,FIELD TRAINING PROGRAM JULY 03 - JUNE 07
942749,11/9/2015,PHYSICAL EDUCATION PART 1: FOUNDATIONS OF PHYSICAL FITNESS
942749,11/9/2015,PHYSICAL EDUCATION PART 2: DEFENSIVE TACTICS
942749,11/9/2015,PHYSICAL EDUCATION PART 3: AMERICAN HEART ASSOCIATION BASIC LIFE SUPPORT
942749,11/9/2015,POLICE CRISIS INTERVENTION JULY 03 - JUNE 07
942749,11/9/2015,POLICE FIELD PROBLEMS JULY 03 - JUNE 07
942749,11/9/2015,POLICE INVESTIGATION AND REPORTING JULY 03 - JUNE 07
942749,11/9/2015,POLICING A DEMOCRACY JULY 03 - JUNE 07
942749,11/9/2015,POLICING SPECIAL POPULATIONS JULY 03 - JUNE 07
942749,11/9/2015,PROCEDURAL LAW JULY 03 - JUNE 07
942749,11/9/2015,SUBSTANTIVE LAW JULY 03 - JUNE 07
942749,11/9/2015,TERRORISM AWARENESS AND RESPONSE JULY 03 - JUNE 07
942749,10/19/2015,WINDOWS PHONE TRAINING AND DISTRIBUTION
942749,5/4/2015,20K TRAINING INITIATIVE - FOUNDATIONS OF POLICING
942749,4/20/2015,20K TRAINING INITIATIVE - PHYSICAL TACTICS
942749,4/10/2015,20K TRAINING INITIATIVE - SMART POLICING
942749,3/26/2015,PSB MARIJUANA FIELD TESTING
942749,2/3/2015,COUNTERTERRORISM PERSONAL RADIATION DETECTION COURSE
942749,11/21/2014,RADIOLOGICAL/NUCLEAR AWARENESS TSGP
942749,6/24/2013,IN-TAC TRAINING PROGRAM
942749,12/4/2012,FUNDAMENTALS OF AUTO THEFT INVESTIGATION
942749,5/31/2012,TINT-METER OPERATION TINTED WINDOW VIOLATIONS
942749,4/5/2012,STATIONARY (STEP-OUT) RADAR (NON-HIGHWAY)
942749,12/17/2010,PROPERTY EVIDENCE TRACKING SYSTEM
942749,8/2/2010,PLAIN CLOTHES TRAINING CERTIFIED BASIC PLAIN-CLOTHES COURSE
942749,10/16/2006,COBRA - COHORT TRAINING
942749,7/10/2006,12 PASSENGER VAN / UTILITY VEHICLE QUALIFICATION
942749,7/10/2006,THREE WHEEL SCOOTER CERTIFIED
942749,,RECRUIT 12 PASSENGER VAN / UTILITY VEHICLE QUALIFICATION
942749,,RECRUIT RMP QUALIFICATION / RMP OPERATOR QUALIFIED
942749,,TWO WHEEL SCOOTER (WITH TACTICS) CERTIFIED
